skill,parry,durch_cost,compound_cost,start_spiritus,information,timing,recovery,future_fights,play,opportunities,affordable_opportunities,declarations,successes,damage,spiritus_spent,parry_displaced,counter_displaced,spiritus_at_declaration_sum,early_opportunities,early_declarations,late_opportunities,late_declarations,declaration_rate,success_rate,damage_per_fight,spiritus_per_fight,mean_spiritus_at_declaration,early_use_rate,late_use_rate
10,P0,0,0,8,adaptive_revelation,pre,R0,0,Absetzen,1623,1623,781,420,1924,0,325,456,6248,830,375,793,406,0.48120764017252005,0.5377720870678617,0.6413333333333333,0.0,8.0,0.45180722891566266,0.5119798234552333
10,P0,0,0,8,adaptive_revelation,pre,R0,0,Scambiar di Punta,1623,1623,777,398,1802,0,311,466,6216,830,411,793,366,0.4787430683918669,0.5122265122265123,0.6006666666666667,0.0,8.0,0.4951807228915663,0.46153846153846156
10,P0,0,0,8,adaptive_revelation,pre,R0,0,Schielhau,2285,2285,1946,998,3604,0,168,499,15568,1089,909,1196,1037,0.8516411378555798,0.512846865364851,1.2013333333333334,0.0,8.0,0.8347107438016529,0.867056856187291
10,P0,0,0,5,adaptive_revelation,pre,R0,0,Absetzen,1725,1725,803,375,1722,0,338,465,4015,923,414,802,389,0.46550724637681157,0.4669987546699875,0.574,0.0,5.0,0.4485373781148429,0.4850374064837905
10,P0,0,0,5,adaptive_revelation,pre,R0,0,Scambiar di Punta,1725,1725,837,400,1817,0,336,501,4185,923,452,802,385,0.4852173913043478,0.4778972520908005,0.6056666666666667,0.0,5.0,0.48970747562296857,0.4800498753117207
10,P0,0,0,5,adaptive_revelation,pre,R0,0,Schielhau,2299,2299,2017,998,3565,0,176,539,10085,1049,906,1250,1111,0.877337973031753,0.4947942488844819,1.1883333333333332,0.0,5.0,0.8636796949475691,0.8888
10,P0,0,0,3,adaptive_revelation,pre,R0,0,Absetzen,1685,1685,832,405,1794,0,338,494,2496,894,441,791,391,0.4937685459940653,0.48677884615384615,0.598,0.0,3.0,0.49328859060402686,0.4943109987357775
10,P0,0,0,3,adaptive_revelation,pre,R0,0,Scambiar di Punta,1685,1685,792,393,1774,0,349,443,2376,894,410,791,382,0.47002967359050446,0.4962121212121212,0.5913333333333334,0.0,3.0,0.45861297539149887,0.4829329962073325
10,P0,0,0,3,adaptive_revelation,pre,R0,0,Schielhau,2283,2283,1992,1013,3612,0,163,496,5976,1027,854,1256,1138,0.8725361366622865,0.5085341365461847,1.204,0.0,3.0,0.8315481986368062,0.9060509554140127
10,P0,0,0,1,adaptive_revelation,pre,R0,0,Absetzen,1673,1673,766,393,1739,0,324,442,766,864,394,809,372,0.45786013150029886,0.5130548302872062,0.5796666666666667,0.0,1.0,0.45601851851851855,0.45982694684796044
10,P0,0,0,1,adaptive_revelation,pre,R0,0,Scambiar di Punta,1673,1673,839,415,1784,0,332,507,839,864,426,809,413,0.5014943215780036,0.49463647199046484,0.5946666666666667,0.0,1.0,0.4930555555555556,0.5105067985166872
10,P0,0,0,1,adaptive_revelation,pre,R0,0,Schielhau,2267,2267,1976,987,3475,0,144,497,1976,1041,886,1226,1090,0.8716365240405822,0.49949392712550605,1.1583333333333334,0.0,1.0,0.851104707012488,0.8890701468189234
10,P0,0,1,8,adaptive_revelation,pre,R0,0,Absetzen,1740,1740,747,368,1665,747,287,460,5797,905,392,835,355,0.42931034482758623,0.4926372155287818,0.555,0.249,7.760374832663989,0.4331491712707182,0.4251497005988024
10,P0,0,1,8,adaptive_revelation,pre,R0,0,Scambiar di Punta,1740,1740,831,404,1745,831,343,488,6440,905,415,835,416,0.47758620689655173,0.4861612515042118,0.5816666666666667,0.277,7.749699157641396,0.4585635359116022,0.49820359281437127
10,P0,0,1,8,adaptive_revelation,pre,R0,0,Schielhau,2357,2357,1719,874,3092,1719,177,464,13474,1086,733,1271,986,0.7293169282986848,0.508435136707388,1.0306666666666666,0.573,7.838278068644561,0.6749539594843462,0.7757671125098348
10,P0,0,1,5,adaptive_revelation,pre,R0,0,Absetzen,1655,1655,709,332,1519,709,284,425,3402,860,361,795,348,0.4283987915407855,0.4682651622002821,0.5063333333333333,0.23633333333333334,4.7983074753173485,0.4197674418604651,0.4377358490566038
10,P0,0,1,5,adaptive_revelation,pre,R0,0,Scambiar di Punta,1655,1655,767,387,1759,767,329,438,3660,860,392,795,375,0.4634441087613293,0.5045632333767927,0.5863333333333334,0.25566666666666665,4.771838331160365,0.4558139534883721,0.4716981132075472
10,P0,0,1,5,adaptive_revelation,pre,R0,0,Schielhau,2255,2255,1540,790,2865,1540,137,429,7469,1121,725,1134,815,0.6829268292682927,0.512987012987013,0.955,0.5133333333333333,4.85,0.6467439785905441,0.718694885361552
10,P0,0,1,3,adaptive_revelation,pre,R0,0,Absetzen,1711,1711,734,363,1662,734,332,402,2054,870,365,841,369,0.4289888953828171,0.494550408719346,0.554,0.24466666666666667,2.7983651226158037,0.41954022988505746,0.43876337693222356
10,P0,0,1,3,adaptive_revelation,pre,R0,0,Scambiar di Punta,1711,1711,701,357,1636,701,292,409,1992,870,354,841,347,0.4097019286966686,0.5092724679029957,0.5453333333333333,0.23366666666666666,2.8416547788873037,0.4068965517241379,0.4126040428061831
10,P0,0,1,3,adaptive_revelation,pre,R0,0,Schielhau,2414,2414,1455,726,2596,1455,138,408,4191,1114,637,1300,818,0.6027340513670257,0.49896907216494846,0.8653333333333333,0.485,2.8804123711340206,0.5718132854578097,0.6292307692307693
10,P0,0,1,1,adaptive_revelation,pre,R0,0,Absetzen,1747,1662,268,122,528,268,142,126,268,871,106,876,162,0.1534058385804236,0.4552238805970149,0.176,0.08933333333333333,1.0,0.12169919632606199,0.18493150684931506
10,P0,0,1,1,adaptive_revelation,pre,R0,0,Scambiar di Punta,1747,1662,271,131,602,271,125,146,271,871,114,876,157,0.1551230681167716,0.4833948339483395,0.20066666666666666,0.09033333333333333,1.0,0.13088404133180254,0.17922374429223745
10,P0,0,1,1,adaptive_revelation,pre,R0,0,Schielhau,2469,2376,303,146,525,303,55,80,303,1048,97,1421,206,0.1227217496962333,0.48184818481848185,0.175,0.101,1.0,0.09255725190839695,0.14496833216045038
10,P0,1,0,8,adaptive_revelation,pre,R0,0,Absetzen,1728,1728,846,425,1905,0,327,519,6725,902,450,826,396,0.4895833333333333,0.5023640661938534,0.635,0.0,7.949172576832152,0.49889135254988914,0.4794188861985472
10,P0,1,0,8,adaptive_revelation,pre,R0,0,Scambiar di Punta,1728,1728,807,420,1833,0,355,452,6420,902,407,826,400,0.4670138888888889,0.5204460966542751,0.611,0.0,7.955390334572491,0.45121951219512196,0.48426150121065376
10,P0,1,0,8,adaptive_revelation,pre,R0,0,Schielhau,2311,2311,1992,982,3435,0,177,532,15846,1083,904,1228,1088,0.861964517524881,0.4929718875502008,1.145,0.0,7.954819277108434,0.8347183748845799,0.8859934853420195
10,P0,1,0,5,adaptive_revelation,pre,R0,0,Absetzen,1710,1710,844,419,1910,0,345,499,4191,862,432,848,412,0.4935672514619883,0.49644549763033174,0.6366666666666667,0.0,4.9656398104265405,0.5011600928074246,0.4858490566037736
10,P0,1,0,5,adaptive_revelation,pre,R0,0,Scambiar di Punta,1710,1710,802,400,1760,0,331,471,3970,862,392,848,410,0.46900584795321637,0.49875311720698257,0.5866666666666667,0.0,4.950124688279302,0.4547563805104408,0.4834905660377358
10,P0,1,0,5,adaptive_revelation,pre,R0,0,Schielhau,2226,2226,1894,962,3469,0,143,512,9360,1045,868,1181,1026,0.8508535489667565,0.5079197465681098,1.1563333333333334,0.0,4.941921858500528,0.830622009569378,0.8687552921253175
10,P0,1,0,3,adaptive_revelation,pre,R0,0,Absetzen,1673,1673,804,388,1732,0,326,478,2383,883,417,790,387,0.4805738194859534,0.48258706467661694,0.5773333333333334,0.0,2.9639303482587063,0.4722536806342016,0.489873417721519
10,P0,1,0,3,adaptive_revelation,pre,R0,0,Scambiar di Punta,1673,1673,786,405,1863,0,329,457,2320,883,408,790,378,0.4698147041243276,0.5152671755725191,0.621,0.0,2.9516539440203564,0.46206115515288787,0.47848101265822784
10,P0,1,0,3,adaptive_revelation,pre,R0,0,Schielhau,2336,2336,2021,979,3495,0,149,544,5980,1128,951,1208,1070,0.865154109589041,0.4844136566056408,1.165,0.0,2.958931222167244,0.8430851063829787,0.8857615894039735
10,P0,1,0,1,adaptive_revelation,pre,R0,0,Absetzen,1729,1729,824,421,1844,0,321,503,808,874,412,855,412,0.47657605552342397,0.5109223300970874,0.6146666666666667,0.0,0.9805825242718447,0.47139588100686497,0.4818713450292398
10,P0,1,0,1,adaptive_revelation,pre,R0,0,Scambiar di Punta,1729,1729,837,416,1866,0,364,473,825,874,417,855,420,0.48409485251590517,0.4970131421744325,0.622,0.0,0.985663082437276,0.477116704805492,0.49122807017543857
10,P0,1,0,1,adaptive_revelation,pre,R0,0,Schielhau,2283,2283,1967,1011,4111,0,148,483,1920,1087,894,1196,1073,0.8615856329391152,0.5139806812404677,1.3703333333333334,0.0,0.9761057447890188,0.8224471021159153,0.8971571906354515
10,P0,1,1,8,adaptive_revelation,pre,R0,0,Absetzen,1755,1755,785,386,1714,785,330,455,6086,895,390,860,395,0.4472934472934473,0.49171974522292994,0.5713333333333334,0.26166666666666666,7.752866242038216,0.43575418994413406,0.45930232558139533
10,P0,1,1,8,adaptive_revelation,pre,R0,0,Scambiar di Punta,1755,1755,794,411,1863,794,331,463,6130,895,396,860,398,0.45242165242165244,0.517632241813602,0.621,0.26466666666666666,7.720403022670025,0.4424581005586592,0.4627906976744186
10,P0,1,1,8,adaptive_revelation,pre,R0,0,Schielhau,2296,2296,1647,846,3038,1647,154,415,12846,1065,730,1231,917,0.7173344947735192,0.5136612021857924,1.0126666666666666,0.549,7.7996357012750455,0.6854460093896714,0.7449228269699432
10,P0,1,1,5,adaptive_revelation,pre,R0,0,Absetzen,1658,1658,730,340,1574,730,319,411,3484,853,357,805,373,0.44028950542822676,0.4657534246575342,0.5246666666666666,0.24333333333333335,4.772602739726027,0.41852286049237986,0.46335403726708074
10,P0,1,1,5,adaptive_revelation,pre,R0,0,Scambiar di Punta,1658,1658,725,342,1545,725,292,433,3452,853,366,805,359,0.43727382388419783,0.47172413793103446,0.515,0.24166666666666667,4.761379310344828,0.42907385697538103,0.44596273291925465
10,P0,1,1,5,adaptive_revelation,pre,R0,0,Schielhau,2400,2400,1612,788,2740,1612,152,445,7720,1119,692,1281,920,0.6716666666666666,0.48883374689826303,0.9133333333333333,0.5373333333333333,4.7890818858560795,0.6184092940125112,0.7181889149102264
10,P0,1,1,3,adaptive_revelation,pre,R0,0,Absetzen,1665,1665,691,321,1446,691,287,404,1926,845,335,820,356,0.41501501501501503,0.4645441389290883,0.482,0.23033333333333333,2.78726483357453,0.39644970414201186,0.43414634146341463
10,P0,1,1,3,adaptive_revelation,pre,R0,0,Scambiar di Punta,1665,1665,709,360,1648,709,289,420,2002,845,351,820,358,0.42582582582582584,0.5077574047954866,0.5493333333333333,0.23633333333333334,2.8236953455571228,0.4153846153846154,0.43658536585365854
10,P0,1,1,3,adaptive_revelation,pre,R0,0,Schielhau,2365,2365,1412,753,2663,1412,117,399,4015,1140,651,1225,761,0.5970401691331924,0.53328611898017,0.8876666666666667,0.4706666666666667,2.843484419263456,0.5710526315789474,0.6212244897959184
10,P0,1,1,1,adaptive_revelation,pre,R0,0,Absetzen,1767,1673,266,143,632,266,124,142,266,892,107,875,159,0.15053763440860216,0.5375939849624061,0.21066666666666667,0.08866666666666667,1.0,0.11995515695067265,0.18171428571428572
10,P0,1,1,1,adaptive_revelation,pre,R0,0,Scambiar di Punta,1767,1673,263,124,545,263,132,131,263,892,108,875,155,0.1488398415393322,0.4714828897338403,0.18166666666666667,0.08766666666666667,1.0,0.1210762331838565,0.17714285714285713
10,P0,1,1,1,adaptive_revelation,pre,R0,0,Schielhau,2567,2467,294,150,606,294,48,93,294,1117,111,1450,183,0.11453058044409817,0.5102040816326531,0.202,0.098,1.0,0.09937332139659803,0.12620689655172415
10,P0,2,0,8,adaptive_revelation,pre,R0,0,Absetzen,1681,1681,783,395,1760,0,321,462,6212,895,408,786,375,0.46579417013682334,0.5044699872286079,0.5866666666666667,0.0,7.933588761174968,0.4558659217877095,0.4770992366412214
10,P0,2,0,8,adaptive_revelation,pre,R0,0,Scambiar di Punta,1681,1681,835,413,1868,0,330,505,6622,895,449,786,386,0.49672813801308746,0.4946107784431138,0.6226666666666667,0.0,7.930538922155689,0.5016759776536313,0.4910941475826972
10,P0,2,0,8,adaptive_revelation,pre,R0,0,Schielhau,2226,2226,1897,944,3629,0,165,483,15024,1047,867,1179,1030,0.8522012578616353,0.4976278334211914,1.2096666666666667,0.0,7.9198734844491305,0.828080229226361,0.8736217133163698
10,P0,2,0,5,adaptive_revelation,pre,R0,0,Absetzen,1720,1720,810,414,1879,0,336,474,3980,907,435,813,375,0.47093023255813954,0.5111111111111111,0.6263333333333333,0.0,4.91358024691358,0.4796030871003308,0.4612546125461255
10,P0,2,0,5,adaptive_revelation,pre,R0,0,Scambiar di Punta,1720,1720,834,415,1842,0,355,479,4110,907,424,813,410,0.4848837209302326,0.49760191846522783,0.614,0.0,4.928057553956834,0.46747519294377066,0.5043050430504306
10,P0,2,0,5,adaptive_revelation,pre,R0,0,Schielhau,2313,2313,2019,990,3720,0,155,468,9917,1064,897,1249,1122,0.8728923476005188,0.4903417533432392,1.24,0.0,4.911837543338287,0.8430451127819549,0.8983186549239391
10,P0,2,0,3,adaptive_revelation,pre,R0,0,Absetzen,1702,1702,816,398,1773,0,367,449,2406,840,396,862,420,0.4794359576968273,0.4877450980392157,0.591,0.0,2.948529411764706,0.4714285714285714,0.4872389791183295
10,P0,2,0,3,adaptive_revelation,pre,R0,0,Scambiar di Punta,1702,1702,811,409,1858,0,330,481,2393,840,394,862,417,0.4764982373678026,0.5043156596794082,0.6193333333333333,0.0,2.950678175092478,0.46904761904761905,0.4837587006960557
10,P0,2,0,3,adaptive_revelation,pre,R0,0,Schielhau,2308,2308,1986,994,3796,0,185,542,5840,1077,880,1231,1106,0.8604852686308492,0.500503524672709,1.2653333333333334,0.0,2.9405840886203425,0.8170844939647168,0.8984565393988627
10,P0,2,0,1,adaptive_revelation,pre,R0,0,Absetzen,1725,1725,828,418,1906,0,340,488,828,887,427,838,401,0.48,0.5048309178743962,0.6353333333333333,0.0,1.0,0.4813979706877114,0.4785202863961814
10,P0,2,0,1,adaptive_revelation,pre,R0,0,Scambiar di Punta,1725,1725,816,394,1773,0,338,478,816,887,415,838,401,0.47304347826086957,0.48284313725490197,0.591,0.0,1.0,0.46786922209695603,0.4785202863961814
10,P0,2,0,1,adaptive_revelation,pre,R0,0,Schielhau,2218,2218,1901,965,4371,0,156,464,1901,1033,879,1185,1022,0.8570784490532011,0.5076275644397685,1.457,0.0,1.0,0.850919651500484,0.8624472573839662
10,P0,2,1,8,adaptive_revelation,pre,R0,0,Absetzen,1722,1722,766,388,1720,766,325,441,5909,843,394,879,372,0.4448315911730546,0.5065274151436031,0.5733333333333334,0.25533333333333336,7.714099216710183,0.46737841043890865,0.4232081911262799
10,P0,2,1,8,adaptive_revelation,pre,R0,0,Scambiar di Punta,1722,1722,779,411,1840,779,332,447,6009,843,346,879,433,0.4523809523809524,0.527599486521181,0.6133333333333333,0.25966666666666666,7.7137355584082155,0.41043890865954924,0.4926052332195677
10,P0,2,1,8,adaptive_revelation,pre,R0,0,Schielhau,2270,2270,1669,834,2930,1669,173,422,12972,1063,739,1207,930,0.7352422907488987,0.49970041941282206,0.9766666666666667,0.5563333333333333,7.772318753744758,0.6952022577610536,0.7705053852526926
10,P0,2,1,5,adaptive_revelation,pre,R0,0,Absetzen,1765,1765,776,396,1816,776,326,450,3673,885,384,880,392,0.4396600566572238,0.5103092783505154,0.6053333333333333,0.25866666666666666,4.733247422680412,0.43389830508474575,0.44545454545454544
10,P0,2,1,5,adaptive_revelation,pre,R0,0,Scambiar di Punta,1765,1765,763,378,1683,763,341,422,3617,885,362,880,401,0.4322946175637394,0.4954128440366973,0.561,0.25433333333333336,4.740498034076015,0.4090395480225989,0.4556818181818182
10,P0,2,1,5,adaptive_revelation,pre,R0,0,Schielhau,2315,2315,1592,817,2996,1592,162,430,7622,1065,685,1250,907,0.6876889848812096,0.5131909547738693,0.9986666666666667,0.5306666666666666,4.7876884422110555,0.6431924882629108,0.7256
10,P0,2,1,3,adaptive_revelation,pre,R0,0,Absetzen,1713,1711,705,351,1569,705,284,421,1987,895,350,818,355,0.4115586690017513,0.4978723404255319,0.523,0.235,2.818439716312057,0.39106145251396646,0.4339853300733496
10,P0,2,1,3,adaptive_revelation,pre,R0,0,Scambiar di Punta,1713,1711,718,349,1559,718,278,440,2022,895,379,818,339,0.4191476941039113,0.4860724233983287,0.5196666666666667,0.23933333333333334,2.816155988857939,0.423463687150838,0.41442542787286063
10,P0,2,1,3,adaptive_revelation,pre,R0,0,Schielhau,2342,2341,1408,678,2654,1408,137,395,4033,1103,626,1239,782,0.601195559350982,0.4815340909090909,0.8846666666666667,0.4693333333333333,2.864346590909091,0.5675430643699003,0.6311541565778854
10,P0,2,1,1,adaptive_revelation,pre,R0,0,Absetzen,1708,1636,262,119,526,262,118,144,262,870,127,838,135,0.15339578454332553,0.4541984732824427,0.17533333333333334,0.08733333333333333,1.0,0.14597701149425288,0.1610978520286396
10,P0,2,1,1,adaptive_revelation,pre,R0,0,Scambiar di Punta,1708,1636,254,129,553,254,140,114,254,870,103,838,151,0.148711943793911,0.5078740157480315,0.18433333333333332,0.08466666666666667,1.0,0.11839080459770115,0.1801909307875895
10,P0,2,1,1,adaptive_revelation,pre,R0,0,Schielhau,2501,2409,302,151,711,302,56,86,302,1114,125,1387,177,0.1207516993202719,0.5,0.237,0.10066666666666667,1.0,0.11220825852782765,0.12761355443403027
10,P1,0,0,8,adaptive_revelation,pre,R0,0,Absetzen,1703,1703,824,421,1985,0,310,514,6592,928,443,775,381,0.4838520258367587,0.5109223300970874,0.6616666666666666,0.0,8.0,0.47737068965517243,0.4916129032258065
10,P1,0,0,8,adaptive_revelation,pre,R0,0,Scambiar di Punta,1703,1703,797,375,1703,0,311,486,6376,928,426,775,371,0.4679976512037581,0.47051442910915936,0.5676666666666667,0.0,8.0,0.45905172413793105,0.47870967741935483
10,P1,0,0,8,adaptive_revelation,pre,R0,0,Schielhau,2246,2246,1904,949,3344,0,156,515,15232,1054,862,1192,1042,0.8477292965271594,0.49842436974789917,1.1146666666666667,0.0,8.0,0.8178368121442126,0.8741610738255033
10,P1,0,0,5,adaptive_revelation,pre,R0,0,Absetzen,1698,1698,834,412,1861,0,340,494,4170,895,434,803,400,0.4911660777385159,0.4940047961630695,0.6203333333333333,0.0,5.0,0.4849162011173184,0.49813200498132004
10,P1,0,0,5,adaptive_revelation,pre,R0,0,Scambiar di Punta,1698,1698,776,382,1738,0,337,439,3880,895,397,803,379,0.45700824499411075,0.49226804123711343,0.5793333333333334,0.0,5.0,0.4435754189944134,0.47198007471980075
10,P1,0,0,5,adaptive_revelation,pre,R0,0,Schielhau,2309,2309,1993,985,3629,0,132,516,9965,1085,915,1224,1078,0.86314421827631,0.4942298043151029,1.2096666666666667,0.0,5.0,0.8433179723502304,0.880718954248366
10,P1,0,0,3,adaptive_revelation,pre,R0,0,Absetzen,1696,1696,816,414,1845,0,341,475,2448,895,417,801,399,0.4811320754716981,0.5073529411764706,0.615,0.0,3.0,0.4659217877094972,0.49812734082397003
10,P1,0,0,3,adaptive_revelation,pre,R0,0,Scambiar di Punta,1696,1696,807,380,1695,0,325,482,2421,895,427,801,380,0.47582547169811323,0.4708798017348203,0.565,0.0,3.0,0.4770949720670391,0.47440699126092384
10,P1,0,0,3,adaptive_revelation,pre,R0,0,Schielhau,2293,2293,1990,954,3331,0,164,532,5970,1047,887,1246,1103,0.8678587003924989,0.4793969849246231,1.1103333333333334,0.0,3.0,0.8471824259789876,0.8852327447833066
10,P1,0,0,1,adaptive_revelation,pre,R0,0,Absetzen,1672,1672,756,374,1665,0,309,447,756,855,389,817,367,0.45215311004784686,0.4947089947089947,0.555,0.0,1.0,0.45497076023391814,0.44920440636474906
10,P1,0,0,1,adaptive_revelation,pre,R0,0,Scambiar di Punta,1672,1672,831,422,1921,0,345,486,831,855,414,817,417,0.49700956937799046,0.5078219013237064,0.6403333333333333,0.0,1.0,0.4842105263157895,0.5104039167686658
10,P1,0,0,1,adaptive_revelation,pre,R0,0,Schielhau,2341,2341,2013,1001,3459,0,190,504,2013,1107,926,1234,1087,0.8598889363519864,0.4972677595628415,1.153,0.0,1.0,0.8364950316169828,0.8808752025931929
10,P1,0,1,8,adaptive_revelation,pre,R0,0,Absetzen,1737,1737,778,388,1745,778,317,461,6058,906,407,831,371,0.4478986758779505,0.4987146529562982,0.5816666666666667,0.25933333333333336,7.786632390745501,0.4492273730684327,0.4464500601684717
10,P1,0,1,8,adaptive_revelation,pre,R0,0,Scambiar di Punta,1737,1737,774,374,1701,774,337,437,5979,906,373,831,401,0.44559585492227977,0.48320413436692505,0.567,0.258,7.724806201550388,0.4116997792494481,0.4825511432009627
10,P1,0,1,8,adaptive_revelation,pre,R0,0,Schielhau,2395,2395,1745,905,3293,1745,163,468,13678,1178,811,1217,934,0.7286012526096033,0.5186246418338109,1.0976666666666666,0.5816666666666667,7.838395415472779,0.6884550084889643,0.7674609695973705
10,P1,0,1,5,adaptive_revelation,pre,R0,0,Absetzen,1694,1694,744,379,1721,744,273,471,3570,870,383,824,361,0.43919716646989376,0.5094086021505376,0.5736666666666667,0.248,4.798387096774194,0.44022988505747124,0.4381067961165049
10,P1,0,1,5,adaptive_revelation,pre,R0,0,Scambiar di Punta,1694,1694,767,398,1755,767,334,433,3663,870,371,824,396,0.4527744982290437,0.5189048239895697,0.585,0.25566666666666665,4.775749674054759,0.4264367816091954,0.48058252427184467
10,P1,0,1,5,adaptive_revelation,pre,R0,0,Schielhau,2365,2365,1648,860,2990,1648,163,462,7987,1074,732,1291,916,0.6968287526427062,0.5218446601941747,0.9966666666666667,0.5493333333333333,4.846480582524272,0.6815642458100558,0.7095274980635167
10,P1,0,1,3,adaptive_revelation,pre,R0,0,Absetzen,1769,1768,748,370,1638,748,343,405,2103,898,367,871,381,0.4228377614471453,0.4946524064171123,0.546,0.24933333333333332,2.8114973262032086,0.4086859688195991,0.43742824339839265
10,P1,0,1,3,adaptive_revelation,pre,R0,0,Scambiar di Punta,1769,1768,755,384,1709,755,294,461,2119,898,383,871,372,0.42679479932165065,0.5086092715231788,0.5696666666666667,0.25166666666666665,2.8066225165562915,0.4265033407572383,0.42709529276693453
10,P1,0,1,3,adaptive_revelation,pre,R0,0,Schielhau,2408,2407,1460,747,2638,1460,138,381,4186,1091,610,1317,850,0.606312292358804,0.5116438356164383,0.8793333333333333,0.4866666666666667,2.867123287671233,0.5591200733272227,0.6454062262718299
10,P1,0,1,1,adaptive_revelation,pre,R0,0,Absetzen,1861,1780,265,123,545,265,137,128,265,909,109,952,156,0.14239656098871575,0.4641509433962264,0.18166666666666667,0.08833333333333333,1.0,0.11991199119911991,0.1638655462184874
10,P1,0,1,1,adaptive_revelation,pre,R0,0,Scambiar di Punta,1861,1780,276,122,571,276,136,140,276,909,111,952,165,0.14830736163353037,0.4420289855072464,0.19033333333333333,0.092,1.0,0.12211221122112212,0.17331932773109243
10,P1,0,1,1,adaptive_revelation,pre,R0,0,Schielhau,2544,2447,309,140,490,309,53,91,309,1085,107,1459,202,0.1214622641509434,0.45307443365695793,0.16333333333333333,0.103,1.0,0.09861751152073733,0.13845099383139137
10,P1,1,0,8,adaptive_revelation,pre,R0,0,Absetzen,1685,1685,820,421,1962,0,326,494,6500,863,419,822,401,0.486646884272997,0.5134146341463415,0.654,0.0,7.926829268292683,0.4855156431054461,0.4878345498783455
10,P1,1,0,8,adaptive_revelation,pre,R0,0,Scambiar di Punta,1685,1685,797,399,1829,0,314,483,6319,863,395,822,402,0.47299703264094956,0.5006273525721455,0.6096666666666667,0.0,7.928481806775408,0.45770567786790267,0.48905109489051096
10,P1,1,0,8,adaptive_revelation,pre,R0,0,Schielhau,2257,2257,1931,932,3329,0,170,476,15296,1080,892,1177,1039,0.8555604785112981,0.48265147591921287,1.1096666666666666,0.0,7.921284308648369,0.825925925925926,0.8827527612574342
10,P1,1,0,5,adaptive_revelation,pre,R0,0,Absetzen,1678,1678,840,407,1846,0,355,485,4143,872,437,806,403,0.5005959475566151,0.4845238095238095,0.6153333333333333,0.0,4.932142857142857,0.5011467889908257,0.5
10,P1,1,0,5,adaptive_revelation,pre,R0,0,Scambiar di Punta,1678,1678,772,382,1739,0,310,462,3812,872,397,806,375,0.4600715137067938,0.4948186528497409,0.5796666666666667,0.0,4.937823834196891,0.4552752293577982,0.4652605459057072
10,P1,1,0,5,adaptive_revelation,pre,R0,0,Schielhau,2263,2263,1934,950,3476,0,166,491,9543,1105,919,1158,1015,0.8546177640300486,0.49120992761116855,1.1586666666666667,0.0,4.934332988624612,0.8316742081447964,0.8765112262521589
10,P1,1,0,3,adaptive_revelation,pre,R0,0,Absetzen,1745,1745,892,465,2108,0,375,517,2629,917,479,828,413,0.5111747851002866,0.5213004484304933,0.7026666666666667,0.0,2.947309417040359,0.5223555070883316,0.49879227053140096
10,P1,1,0,3,adaptive_revelation,pre,R0,0,Scambiar di Punta,1745,1745,789,403,1764,0,338,451,2312,917,402,828,387,0.4521489971346705,0.5107731305449936,0.588,0.0,2.9302915082382763,0.43838604143947657,0.4673913043478261
10,P1,1,0,3,adaptive_revelation,pre,R0,0,Schielhau,2265,2265,1944,958,3485,0,149,523,5713,1056,885,1209,1059,0.8582781456953642,0.492798353909465,1.1616666666666666,0.0,2.9387860082304527,0.8380681818181818,0.8759305210918115
10,P1,1,0,1,adaptive_revelation,pre,R0,0,Absetzen,1686,1686,824,419,1866,0,330,494,807,894,441,792,383,0.4887307236061684,0.508495145631068,0.622,0.0,0.9793689320388349,0.49328859060402686,0.48358585858585856
10,P1,1,0,1,adaptive_revelation,pre,R0,0,Scambiar di Punta,1686,1686,799,389,1780,0,328,471,783,894,410,792,389,0.4739027283511269,0.48685857321652065,0.5933333333333334,0.0,0.9799749687108886,0.45861297539149887,0.4911616161616162
10,P1,1,0,1,adaptive_revelation,pre,R0,0,Schielhau,2254,2254,1911,969,3864,0,150,488,1865,1054,858,1200,1053,0.8478260869565217,0.5070643642072213,1.288,0.0,0.9759288330716902,0.8140417457305503,0.8775
10,P1,1,1,8,adaptive_revelation,pre,R0,0,Absetzen,1793,1793,811,394,1786,811,317,494,6245,924,397,869,414,0.45231455660903513,0.48581997533908755,0.5953333333333334,0.2703333333333333,7.7003699136868065,0.4296536796536797,0.476409666283084
10,P1,1,1,8,adaptive_revelation,pre,R0,0,Scambiar di Punta,1793,1793,798,387,1758,798,333,465,6148,924,402,869,396,0.44506413831567204,0.4849624060150376,0.586,0.266,7.704260651629073,0.43506493506493504,0.45569620253164556
10,P1,1,1,8,adaptive_revelation,pre,R0,0,Schielhau,2281,2281,1636,778,2738,1636,138,463,12678,1079,744,1202,892,0.7172292854011398,0.47555012224938875,0.9126666666666666,0.5453333333333333,7.749388753056235,0.6895273401297498,0.7420965058236273
10,P1,1,1,5,adaptive_revelation,pre,R0,0,Absetzen,1669,1669,772,387,1767,772,316,456,3633,853,392,816,380,0.46255242660275614,0.5012953367875648,0.589,0.25733333333333336,4.705958549222798,0.45955451348182885,0.46568627450980393
10,P1,1,1,5,adaptive_revelation,pre,R0,0,Scambiar di Punta,1669,1669,704,348,1570,704,301,403,3324,853,346,816,358,0.42180946674655484,0.4943181818181818,0.5233333333333333,0.23466666666666666,4.721590909090909,0.4056271981242673,0.4387254901960784
10,P1,1,1,5,adaptive_revelation,pre,R0,0,Schielhau,2362,2362,1631,846,3147,1631,150,467,7811,1120,738,1242,893,0.6905165114309907,0.5187001839362354,1.049,0.5436666666666666,4.7890864500306565,0.6589285714285714,0.7190016103059581
10,P1,1,1,3,adaptive_revelation,pre,R0,0,Absetzen,1687,1686,711,372,1690,711,277,434,1978,883,385,804,326,0.4214582098399526,0.5232067510548524,0.5633333333333334,0.237,2.7819971870604783,0.4360135900339751,0.4054726368159204
10,P1,1,1,3,adaptive_revelation,pre,R0,0,Scambiar di Punta,1687,1686,701,339,1555,701,307,394,1954,883,347,804,354,0.4155305275637226,0.48359486447931527,0.5183333333333333,0.23366666666666666,2.787446504992867,0.3929784824462061,0.44029850746268656
10,P1,1,1,3,adaptive_revelation,pre,R0,0,Schielhau,2375,2374,1416,715,2610,1416,140,384,4003,1097,606,1278,810,0.5962105263157895,0.5049435028248588,0.87,0.472,2.8269774011299433,0.5524156791248861,0.6338028169014085
10,P1,1,1,1,adaptive_revelation,pre,R0,0,Absetzen,1713,1644,252,135,610,252,114,138,252,837,106,876,146,0.14711033274956217,0.5357142857142857,0.20333333333333334,0.084,1.0,0.12664277180406214,0.16666666666666666
10,P1,1,1,1,adaptive_revelation,pre,R0,0,Scambiar di Punta,1713,1644,249,123,535,249,128,121,249,837,100,876,149,0.14535901926444833,0.4939759036144578,0.17833333333333334,0.083,1.0,0.11947431302270012,0.17009132420091325
10,P1,1,1,1,adaptive_revelation,pre,R0,0,Schielhau,2548,2443,257,115,458,257,45,79,257,1086,84,1462,173,0.10086342229199372,0.4474708171206226,0.15266666666666667,0.08566666666666667,1.0,0.07734806629834254,0.11833105335157319
10,P1,2,0,8,adaptive_revelation,pre,R0,0,Absetzen,1689,1689,772,392,1791,0,312,460,6110,883,398,806,374,0.4570751924215512,0.5077720207253886,0.597,0.0,7.914507772020725,0.4507361268403171,0.4640198511166253
10,P1,2,0,8,adaptive_revelation,pre,R0,0,Scambiar di Punta,1689,1689,844,450,2022,0,344,500,6674,883,434,806,410,0.4997039668442866,0.533175355450237,0.674,0.0,7.907582938388626,0.49150622876557193,0.5086848635235732
10,P1,2,0,8,adaptive_revelation,pre,R0,0,Schielhau,2251,2251,1940,972,3538,0,173,509,15294,1066,892,1185,1048,0.8618391825855175,0.5010309278350515,1.1793333333333333,0.0,7.883505154639176,0.8367729831144465,0.8843881856540085
10,P1,2,0,5,adaptive_revelation,pre,R0,0,Absetzen,1694,1694,802,394,1811,0,295,507,3932,935,447,759,355,0.4734356552538371,0.4912718204488778,0.6036666666666667,0.0,4.902743142144638,0.47807486631016044,0.46772068511198944
10,P1,2,0,5,adaptive_revelation,pre,R0,0,Scambiar di Punta,1694,1694,819,410,1853,0,349,470,4029,935,437,759,382,0.4834710743801653,0.5006105006105006,0.6176666666666667,0.0,4.91941391941392,0.46737967914438505,0.5032938076416338
10,P1,2,0,5,adaptive_revelation,pre,R0,0,Schielhau,2280,2280,1955,999,3639,0,161,528,9563,1057,886,1223,1069,0.8574561403508771,0.5109974424552429,1.213,0.0,4.89156010230179,0.8382213812677389,0.8740801308258381
10,P1,2,0,3,adaptive_revelation,pre,R0,0,Absetzen,1683,1683,826,410,1829,0,335,491,2438,871,422,812,404,0.49079025549613786,0.4963680387409201,0.6096666666666667,0.0,2.9515738498789346,0.4845005740528129,0.4975369458128079
10,P1,2,0,3,adaptive_revelation,pre,R0,0,Scambiar di Punta,1683,1683,785,359,1541,0,332,453,2317,871,400,812,385,0.46642899584076053,0.4573248407643312,0.5136666666666667,0.0,2.951592356687898,0.4592422502870264,0.47413793103448276
10,P1,2,0,3,adaptive_revelation,pre,R0,0,Schielhau,2284,2284,1922,938,3585,0,130,502,5656,1109,908,1175,1014,0.841506129597198,0.48803329864724243,1.195,0.0,2.942767950052029,0.8187556357078449,0.8629787234042553
10,P1,2,0,1,adaptive_revelation,pre,R0,0,Absetzen,1724,1724,824,431,1915,0,328,496,824,902,444,822,380,0.4779582366589327,0.5230582524271845,0.6383333333333333,0.0,1.0,0.49223946784922396,0.46228710462287104
10,P1,2,0,1,adaptive_revelation,pre,R0,0,Scambiar di Punta,1724,1724,824,413,1939,0,357,467,824,902,412,822,412,0.4779582366589327,0.5012135922330098,0.6463333333333333,0.0,1.0,0.4567627494456763,0.5012165450121655
10,P1,2,0,1,adaptive_revelation,pre,R0,0,Schielhau,2236,2236,1916,966,4351,0,158,504,1916,1095,934,1141,982,0.8568872987477638,0.5041753653444676,1.4503333333333333,0.0,1.0,0.8529680365296803,0.8606485539000877
10,P1,2,1,8,adaptive_revelation,pre,R0,0,Absetzen,1681,1681,748,391,1726,748,318,430,5718,842,360,839,388,0.4449732302201071,0.5227272727272727,0.5753333333333334,0.24933333333333332,7.644385026737968,0.42755344418052255,0.46245530393325385
10,P1,2,1,8,adaptive_revelation,pre,R0,0,Scambiar di Punta,1681,1681,772,376,1694,772,320,452,5959,842,388,839,384,0.4592504461629982,0.48704663212435234,0.5646666666666667,0.25733333333333336,7.7189119170984455,0.46080760095011875,0.4576877234803337
10,P1,2,1,8,adaptive_revelation,pre,R0,0,Schielhau,2355,2355,1707,867,3111,1707,143,454,13228,1097,753,1258,954,0.7248407643312101,0.507908611599297,1.037,0.569,7.749267721148213,0.6864175022789426,0.7583465818759937
10,P1,2,1,5,adaptive_revelation,pre,R0,0,Absetzen,1769,1769,779,380,1688,779,323,456,3683,905,404,864,375,0.44036178631995476,0.4878048780487805,0.5626666666666666,0.25966666666666666,4.7278562259306804,0.44640883977900553,0.4340277777777778
10,P1,2,1,5,adaptive_revelation,pre,R0,0,Scambiar di Punta,1769,1769,784,411,1864,784,314,470,3715,905,393,864,391,0.4431882419446015,0.5242346938775511,0.6213333333333333,0.2613333333333333,4.738520408163265,0.43425414364640885,0.4525462962962963
10,P1,2,1,5,adaptive_revelation,pre,R0,0,Schielhau,2248,2248,1538,744,2790,1538,124,431,7323,1043,692,1205,846,0.6841637010676157,0.4837451235370611,0.93,0.5126666666666667,4.761378413524057,0.663470757430489,0.7020746887966804
10,P1,2,1,3,adaptive_revelation,pre,R0,0,Absetzen,1685,1682,721,357,1631,721,306,415,2031,864,362,821,359,0.42789317507418395,0.49514563106796117,0.5436666666666666,0.24033333333333334,2.8169209431345354,0.41898148148148145,0.43727161997563946
10,P1,2,1,3,adaptive_revelation,pre,R0,0,Scambiar di Punta,1685,1682,697,342,1585,697,300,397,1933,864,348,821,349,0.4136498516320475,0.49067431850789095,0.5283333333333333,0.23233333333333334,2.7733142037302727,0.4027777777777778,0.42509135200974424
10,P1,2,1,3,adaptive_revelation,pre,R0,0,Schielhau,2387,2386,1394,716,2718,1394,139,389,4022,1065,597,1322,797,0.5839966485127775,0.5136298421807748,0.906,0.4646666666666667,2.885222381635581,0.5605633802816902,0.602874432677761
10,P1,2,1,1,adaptive_revelation,pre,R0,0,Absetzen,1818,1740,270,135,599,270,146,124,270,935,108,883,162,0.1485148514851485,0.5,0.19966666666666666,0.09,1.0,0.11550802139037433,0.18346545866364666
10,P1,2,1,1,adaptive_revelation,pre,R0,0,Scambiar di Punta,1818,1740,294,150,683,294,150,144,294,935,121,883,173,0.1617161716171617,0.5102040816326531,0.22766666666666666,0.098,1.0,0.12941176470588237,0.19592298980747452
10,P1,2,1,1,adaptive_revelation,pre,R0,0,Schielhau,2478,2379,315,160,709,315,49,84,315,1073,111,1405,204,0.1271186440677966,0.5079365079365079,0.23633333333333334,0.105,1.0,0.10344827586206896,0.14519572953736654
14,P0,0,0,8,adaptive_revelation,pre,R0,0,Absetzen,2171,2171,1068,731,3230,0,428,640,8544,1294,612,877,456,0.49193919852602486,0.6844569288389513,1.0766666666666667,0.0,8.0,0.47295208655332305,0.5199543899657925
14,P0,0,0,8,adaptive_revelation,pre,R0,0,Scambiar di Punta,2171,2171,1086,754,3311,0,426,660,8688,1294,668,877,418,0.5002303086135421,0.6942909760589319,1.1036666666666666,0.0,8.0,0.5162287480680062,0.4766248574686431
14,P0,0,0,8,adaptive_revelation,pre,R0,0,Schielhau,2395,2395,2206,1545,4679,0,215,306,17648,1441,1307,954,899,0.9210855949895616,0.7003626473254759,1.5596666666666668,0.0,8.0,0.9070090215128384,0.9423480083857443
14,P0,0,0,5,adaptive_revelation,pre,R0,0,Absetzen,2093,2093,1045,764,3409,0,383,662,5225,1247,631,846,414,0.4992833253702819,0.7311004784688995,1.1363333333333334,0.0,5.0,0.5060144346431436,0.48936170212765956
14,P0,0,0,5,adaptive_revelation,pre,R0,0,Scambiar di Punta,2093,2093,1022,698,3193,0,438,584,5110,1247,596,846,426,0.4882943143812709,0.6829745596868885,1.0643333333333334,0.0,5.0,0.47794707297514033,0.5035460992907801
14,P0,0,0,5,adaptive_revelation,pre,R0,0,Schielhau,2378,2378,2222,1558,4887,0,224,324,11110,1430,1309,948,913,0.9343986543313709,0.7011701170117012,1.629,0.0,5.0,0.9153846153846154,0.9630801687763713
14,P0,0,0,3,adaptive_revelation,pre,R0,0,Absetzen,2085,2085,1013,719,3226,0,412,601,3039,1230,602,855,411,0.4858513189448441,0.7097729516288253,1.0753333333333333,0.0,3.0,0.4894308943089431,0.4807017543859649
14,P0,0,0,3,adaptive_revelation,pre,R0,0,Scambiar di Punta,2085,2085,1048,735,3293,0,436,612,3144,1230,608,855,440,0.5026378896882494,0.7013358778625954,1.0976666666666666,0.0,3.0,0.4943089430894309,0.5146198830409356
14,P0,0,0,3,adaptive_revelation,pre,R0,0,Schielhau,2389,2389,2202,1517,4570,0,186,370,6606,1442,1311,947,891,0.9217245709501883,0.6889191643960036,1.5233333333333334,0.0,3.0,0.9091539528432733,0.9408658922914467
14,P0,0,0,1,adaptive_revelation,pre,R0,0,Absetzen,2097,2097,1004,697,3067,0,414,590,1004,1255,605,842,399,0.4787792083929423,0.6942231075697212,1.0223333333333333,0.0,1.0,0.4820717131474104,0.47387173396674587
14,P0,0,0,1,adaptive_revelation,pre,R0,0,Scambiar di Punta,2097,2097,1068,754,3377,0,424,644,1068,1255,631,842,437,0.5092989985693849,0.7059925093632958,1.1256666666666666,0.0,1.0,0.502788844621514,0.5190023752969121
14,P0,0,0,1,adaptive_revelation,pre,R0,0,Schielhau,2394,2394,2235,1532,4798,0,185,347,2235,1435,1326,959,909,0.9335839598997494,0.6854586129753915,1.5993333333333333,0.0,1.0,0.9240418118466899,0.9478623566214807
14,P0,0,1,8,adaptive_revelation,pre,R0,0,Absetzen,2134,2134,1038,709,3150,1038,435,603,7999,1254,599,880,439,0.48641049671977504,0.6830443159922929,1.05,0.346,7.70616570327553,0.47767145135566186,0.49886363636363634
14,P0,0,1,8,adaptive_revelation,pre,R0,0,Scambiar di Punta,2134,2134,1025,705,3190,1025,440,585,7928,1254,597,880,428,0.4803186504217432,0.6878048780487804,1.0633333333333332,0.3416666666666667,7.734634146341463,0.47607655502392343,0.4863636363636364
14,P0,0,1,8,adaptive_revelation,pre,R0,0,Schielhau,2385,2385,2050,1471,4572,2050,179,319,15959,1442,1212,943,838,0.859538784067086,0.7175609756097561,1.524,0.6833333333333333,7.784878048780488,0.840499306518724,0.8886532343584306
14,P0,0,1,5,adaptive_revelation,pre,R0,0,Absetzen,2060,2060,975,675,2966,975,379,596,4607,1220,605,840,370,0.4733009708737864,0.6923076923076923,0.9886666666666667,0.325,4.725128205128205,0.4959016393442623,0.44047619047619047
14,P0,0,1,5,adaptive_revelation,pre,R0,0,Scambiar di Punta,2060,2060,1018,698,3092,1018,432,586,4798,1220,565,840,453,0.4941747572815534,0.6856581532416502,1.0306666666666666,0.3393333333333333,4.713163064833006,0.46311475409836067,0.5392857142857143
14,P0,0,1,5,adaptive_revelation,pre,R0,0,Schielhau,2463,2463,2024,1404,4269,2024,192,289,9740,1467,1156,996,868,0.8217620787657328,0.6936758893280632,1.423,0.6746666666666666,4.812252964426878,0.7880027266530334,0.8714859437751004
14,P0,0,1,3,adaptive_revelation,pre,R0,0,Absetzen,2068,2068,965,673,3101,965,397,568,2670,1205,558,863,407,0.46663442940038685,0.6974093264248704,1.0336666666666667,0.32166666666666666,2.766839378238342,0.46307053941908716,0.4716106604866744
14,P0,0,1,3,adaptive_revelation,pre,R0,0,Scambiar di Punta,2068,2068,979,692,2983,979,414,565,2707,1205,570,863,409,0.4734042553191489,0.7068437180796732,0.9943333333333333,0.3263333333333333,2.765066394279877,0.4730290456431535,0.473928157589803
14,P0,0,1,3,adaptive_revelation,pre,R0,0,Schielhau,2406,2403,1820,1277,3915,1820,179,303,5160,1444,1050,962,770,0.7564422277639236,0.7016483516483516,1.305,0.6066666666666667,2.8351648351648353,0.7271468144044322,0.8004158004158004
14,P0,0,1,1,adaptive_revelation,pre,R0,0,Absetzen,2198,1972,602,416,1889,602,278,324,602,1240,317,958,285,0.27388535031847133,0.6910299003322259,0.6296666666666667,0.20066666666666666,1.0,0.25564516129032255,0.2974947807933194
14,P0,0,1,1,adaptive_revelation,pre,R0,0,Scambiar di Punta,2198,1972,588,397,1783,588,252,336,588,1240,340,958,248,0.267515923566879,0.6751700680272109,0.5943333333333334,0.196,1.0,0.27419354838709675,0.2588726513569937
14,P0,0,1,1,adaptive_revelation,pre,R0,0,Schielhau,2692,2460,603,415,1344,603,108,118,603,1492,287,1200,316,0.22399702823179793,0.6882255389718076,0.448,0.201,1.0,0.1923592493297587,0.2633333333333333
14,P0,1,0,8,adaptive_revelation,pre,R0,0,Absetzen,2064,2064,991,678,2979,0,391,600,7859,1261,611,803,380,0.4801356589147287,0.6841574167507568,0.993,0.0,7.9303733602421795,0.4845360824742268,0.47322540473225405
14,P0,1,0,8,adaptive_revelation,pre,R0,0,Scambiar di Punta,2064,2064,1046,753,3430,0,425,621,8278,1261,628,803,418,0.5067829457364341,0.719885277246654,1.1433333333333333,0.0,7.91395793499044,0.4980174464710547,0.5205479452054794
14,P0,1,0,8,adaptive_revelation,pre,R0,0,Schielhau,2362,2362,2199,1517,4771,0,196,323,17423,1440,1324,922,875,0.9309906858594411,0.6898590268303775,1.5903333333333334,0.0,7.923146884947704,0.9194444444444444,0.9490238611713666
14,P0,1,0,5,adaptive_revelation,pre,R0,0,Absetzen,2112,2112,1012,731,3387,0,427,585,4990,1252,623,860,389,0.4791666666666667,0.7223320158102767,1.129,0.0,4.930830039525691,0.4976038338658147,0.45232558139534884
14,P0,1,0,5,adaptive_revelation,pre,R0,0,Scambiar di Punta,2112,2112,1070,746,3364,0,463,607,5273,1252,605,860,465,0.5066287878787878,0.697196261682243,1.1213333333333333,0.0,4.92803738317757,0.48322683706070285,0.5406976744186046
14,P0,1,0,5,adaptive_revelation,pre,R0,0,Schielhau,2391,2391,2219,1530,4663,0,203,362,10910,1428,1303,963,916,0.9280635717273108,0.6894997746732763,1.5543333333333333,0.0,4.916629112212709,0.9124649859943977,0.9511941848390446
14,P0,1,0,3,adaptive_revelation,pre,R0,0,Absetzen,2106,2106,1020,695,3108,0,411,609,2961,1224,580,882,440,0.4843304843304843,0.6813725490196079,1.036,0.0,2.902941176470588,0.4738562091503268,0.4988662131519274
14,P0,1,0,3,adaptive_revelation,pre,R0,0,Scambiar di Punta,2106,2106,1057,741,3346,0,449,608,3088,1224,618,882,439,0.5018993352326686,0.7010406811731315,1.1153333333333333,0.0,2.9214758751182592,0.5049019607843137,0.4977324263038549
14,P0,1,0,3,adaptive_revelation,pre,R0,0,Schielhau,2472,2472,2285,1590,5146,0,241,324,6660,1507,1374,965,911,0.9243527508090615,0.6958424507658644,1.7153333333333334,0.0,2.914660831509847,0.9117451891174518,0.944041450777202
14,P0,1,0,1,adaptive_revelation,pre,R0,0,Absetzen,2101,2101,969,704,3155,0,395,574,925,1265,581,836,388,0.4612089481199429,0.7265221878224974,1.0516666666666667,0.0,0.9545923632610939,0.4592885375494071,0.46411483253588515
14,P0,1,0,1,adaptive_revelation,pre,R0,0,Scambiar di Punta,2101,2101,1093,752,3341,0,466,627,1041,1265,655,836,438,0.5202284626368396,0.6880146386093321,1.1136666666666666,0.0,0.9524245196706312,0.5177865612648221,0.5239234449760766
14,P0,1,0,1,adaptive_revelation,pre,R0,0,Schielhau,2409,2409,2244,1532,5187,0,185,335,2142,1454,1341,955,903,0.9315068493150684,0.6827094474153298,1.729,0.0,0.9545454545454546,0.9222833562585969,0.9455497382198953
14,P0,1,1,8,adaptive_revelation,pre,R0,0,Absetzen,2112,2112,995,709,3337,995,415,580,7588,1234,578,878,417,0.47111742424242425,0.7125628140703517,1.1123333333333334,0.33166666666666667,7.6261306532663315,0.4683954619124797,0.47494305239179957
14,P0,1,1,8,adaptive_revelation,pre,R0,0,Scambiar di Punta,2112,2112,1067,776,3441,1067,458,609,8124,1234,618,878,449,0.5052083333333334,0.7272727272727273,1.147,0.3556666666666667,7.613870665417057,0.5008103727714749,0.5113895216400911
14,P0,1,1,8,adaptive_revelation,pre,R0,0,Schielhau,2399,2399,2073,1476,4508,2073,197,322,15978,1420,1193,979,880,0.8641100458524386,0.7120115774240231,1.5026666666666666,0.691,7.70767004341534,0.8401408450704225,0.898876404494382
14,P0,1,1,5,adaptive_revelation,pre,R0,0,Absetzen,2114,2114,1020,704,3235,1020,415,605,4707,1265,608,849,412,0.4824976348155156,0.6901960784313725,1.0783333333333334,0.34,4.614705882352941,0.4806324110671937,0.48527679623085984
14,P0,1,1,5,adaptive_revelation,pre,R0,0,Scambiar di Punta,2114,2114,1014,702,3147,1014,435,579,4694,1265,590,849,424,0.4796594134342479,0.6923076923076923,1.049,0.338,4.629191321499014,0.466403162055336,0.4994110718492344
14,P0,1,1,5,adaptive_revelation,pre,R0,0,Schielhau,2437,2437,2041,1415,4425,2041,204,317,9631,1433,1166,1004,875,0.8375051292572836,0.6932876041156296,1.475,0.6803333333333333,4.718765311121999,0.8136775994417307,0.8715139442231076
14,P0,1,1,3,adaptive_revelation,pre,R0,0,Absetzen,2097,2094,971,708,3184,971,379,592,2611,1208,567,889,404,0.4630424415832141,0.729145211122554,1.0613333333333332,0.32366666666666666,2.688980432543769,0.4693708609271523,0.4544431946006749
14,P0,1,1,3,adaptive_revelation,pre,R0,0,Scambiar di Punta,2097,2094,984,680,3079,984,409,575,2654,1208,564,889,420,0.46924177396280403,0.6910569105691057,1.0263333333333333,0.328,2.6971544715447155,0.46688741721854304,0.47244094488188976
14,P0,1,1,3,adaptive_revelation,pre,R0,0,Schielhau,2514,2513,1918,1332,4148,1918,170,301,5322,1480,1131,1034,787,0.7629276054097056,0.694473409801877,1.3826666666666667,0.6393333333333333,2.7747653806047965,0.7641891891891892,0.7611218568665378
14,P0,1,1,1,adaptive_revelation,pre,R0,0,Absetzen,2272,1958,558,396,1831,558,244,314,558,1296,309,976,249,0.24559859154929578,0.7096774193548387,0.6103333333333333,0.186,1.0,0.23842592592592593,0.2551229508196721
14,P0,1,1,1,adaptive_revelation,pre,R0,0,Scambiar di Punta,2272,1958,567,397,1806,567,259,308,567,1296,317,976,250,0.24955985915492956,0.7001763668430335,0.602,0.189,1.0,0.24459876543209877,0.25614754098360654
14,P0,1,1,1,adaptive_revelation,pre,R0,0,Schielhau,2686,2413,622,444,1536,622,137,128,622,1418,297,1268,325,0.2315711094564408,0.7138263665594855,0.512,0.20733333333333334,1.0,0.20944992947813823,0.25630914826498424
14,P0,2,0,8,adaptive_revelation,pre,R0,0,Absetzen,2084,2084,1036,720,3186,0,425,611,8156,1232,630,852,406,0.4971209213051823,0.694980694980695,1.062,0.0,7.872586872586872,0.5113636363636364,0.4765258215962441
14,P0,2,0,8,adaptive_revelation,pre,R0,0,Scambiar di Punta,2084,2084,1024,715,3141,0,431,593,8016,1232,584,852,440,0.491362763915547,0.6982421875,1.047,0.0,7.828125,0.474025974025974,0.5164319248826291
14,P0,2,0,8,adaptive_revelation,pre,R0,0,Schielhau,2408,2408,2231,1560,4951,0,197,333,17518,1459,1332,949,899,0.9264950166112956,0.6992380098610489,1.6503333333333334,0.0,7.852084267144778,0.9129540781357094,0.9473129610115911
14,P0,2,0,5,adaptive_revelation,pre,R0,0,Absetzen,2083,2083,1011,721,3172,0,415,596,4925,1238,591,845,420,0.485357657225156,0.7131552917903067,1.0573333333333332,0.0,4.871414441147379,0.4773828756058158,0.4970414201183432
14,P0,2,0,5,adaptive_revelation,pre,R0,0,Scambiar di Punta,2083,2083,1037,739,3357,0,445,592,5029,1238,621,845,416,0.4978396543446951,0.712632594021215,1.119,0.0,4.849566055930569,0.5016155088852988,0.49230769230769234
14,P0,2,0,5,adaptive_revelation,pre,R0,0,Schielhau,2421,2421,2255,1602,5294,0,201,374,10985,1470,1350,951,905,0.9314332920280876,0.7104212860310422,1.7646666666666666,0.0,4.871396895787139,0.9183673469387755,0.9516298633017876
14,P0,2,0,3,adaptive_revelation,pre,R0,0,Absetzen,2087,2087,977,671,3049,0,389,588,2831,1246,584,841,393,0.46813608049832295,0.6867963152507677,1.0163333333333333,0.0,2.8976458546571138,0.46869983948635635,0.46730083234244946
14,P0,2,0,3,adaptive_revelation,pre,R0,0,Scambiar di Punta,2087,2087,1080,751,3497,0,420,660,3110,1246,635,841,445,0.5174892189746046,0.6953703703703704,1.1656666666666666,0.0,2.8796296296296298,0.5096308186195827,0.5291319857312723
14,P0,2,0,3,adaptive_revelation,pre,R0,0,Schielhau,2368,2368,2205,1555,5250,0,214,349,6343,1447,1329,921,876,0.9311655405405406,0.7052154195011338,1.75,0.0,2.876643990929705,0.9184519695922598,0.9511400651465798
14,P0,2,0,1,adaptive_revelation,pre,R0,0,Absetzen,2073,2073,999,675,3064,0,408,591,999,1217,591,856,408,0.48191027496382055,0.6756756756756757,1.0213333333333334,0.0,1.0,0.485620377978636,0.4766355140186916
14,P0,2,0,1,adaptive_revelation,pre,R0,0,Scambiar di Punta,2073,2073,1030,714,3274,0,415,615,1030,1217,593,856,437,0.49686444766039556,0.6932038834951456,1.0913333333333333,0.0,1.0,0.48726376335250615,0.5105140186915887
14,P0,2,0,1,adaptive_revelation,pre,R0,0,Schielhau,2398,2398,2210,1549,7024,0,187,337,2210,1437,1307,961,903,0.9216013344453712,0.7009049773755656,2.3413333333333335,0.0,1.0,0.9095337508698678,0.9396462018730489
14,P0,2,1,8,adaptive_revelation,pre,R0,0,Absetzen,2091,2091,1043,715,3194,1043,420,623,7881,1231,622,860,421,0.49880439980870395,0.6855225311601151,1.0646666666666667,0.3476666666666667,7.556088207094919,0.5052802599512591,0.48953488372093024
14,P0,2,1,8,adaptive_revelation,pre,R0,0,Scambiar di Punta,2091,2091,987,667,3050,987,396,591,7472,1231,561,860,426,0.4720229555236729,0.6757852077001013,1.0166666666666666,0.329,7.570415400202634,0.45572705117790413,0.49534883720930234
14,P0,2,1,8,adaptive_revelation,pre,R0,0,Schielhau,2464,2464,2111,1493,4645,2111,220,323,16122,1455,1222,1009,889,0.856737012987013,0.7072477498815727,1.5483333333333333,0.7036666666666667,7.637138796778778,0.8398625429553265,0.8810703666997026
14,P0,2,1,5,adaptive_revelation,pre,R0,0,Absetzen,2094,2094,1018,725,3300,1018,406,612,4688,1251,605,843,413,0.48615090735434574,0.712180746561886,1.1,0.3393333333333333,4.605108055009823,0.48361310951239006,0.48991696322657174
14,P0,2,1,5,adaptive_revelation,pre,R0,0,Scambiar di Punta,2094,2094,985,681,2940,985,416,569,4553,1251,581,843,404,0.47039159503342887,0.6913705583756345,0.98,0.3283333333333333,4.6223350253807105,0.4644284572342126,0.4792408066429419
14,P0,2,1,5,adaptive_revelation,pre,R0,0,Schielhau,2443,2443,2038,1378,4464,2038,201,296,9573,1465,1205,978,833,0.8342202210397053,0.676153091265947,1.488,0.6793333333333333,4.697252208047105,0.8225255972696246,0.8517382413087935
14,P0,2,1,3,adaptive_revelation,pre,R0,0,Absetzen,2168,2152,992,693,3089,992,413,579,2666,1254,582,914,410,0.4575645756457565,0.6985887096774194,1.0296666666666667,0.33066666666666666,2.6875,0.46411483253588515,0.4485776805251641
14,P0,2,1,3,adaptive_revelation,pre,R0,0,Scambiar di Punta,2168,2152,1010,713,3343,1010,414,596,2723,1254,581,914,429,0.46586715867158673,0.7059405940594059,1.1143333333333334,0.33666666666666667,2.696039603960396,0.46331738437001596,0.46936542669584247
14,P0,2,1,3,adaptive_revelation,pre,R0,0,Schielhau,2410,2389,1845,1286,4324,1845,204,327,5131,1391,1083,1019,762,0.7655601659751037,0.6970189701897019,1.4413333333333334,0.615,2.781029810298103,0.7785765636232926,0.7477919528949951
14,P0,2,1,1,adaptive_revelation,pre,R0,0,Absetzen,2108,1902,566,381,1674,566,271,295,566,1179,292,929,274,0.2685009487666034,0.6731448763250883,0.558,0.18866666666666668,1.0,0.24766751484308736,0.294940796555436
14,P0,2,1,1,adaptive_revelation,pre,R0,0,Scambiar di Punta,2108,1902,530,383,1693,530,242,288,530,1179,287,929,243,0.2514231499051233,0.7226415094339622,0.5643333333333334,0.17666666666666667,1.0,0.24342663273960985,0.26157158234660927
14,P0,2,1,1,adaptive_revelation,pre,R0,0,Schielhau,2753,2531,583,405,1763,583,122,126,583,1517,271,1236,312,0.2117689792953142,0.6946826758147513,0.5876666666666667,0.19433333333333333,1.0,0.1786420566908372,0.2524271844660194
14,P1,0,0,8,adaptive_revelation,pre,R0,0,Absetzen,1998,1998,1006,715,3201,0,301,705,8048,1247,609,751,397,0.5035035035035035,0.7107355864811133,1.067,0.0,8.0,0.4883720930232558,0.5286284953395473
14,P1,0,0,8,adaptive_revelation,pre,R0,0,Scambiar di Punta,1998,1998,966,684,3082,0,293,673,7728,1247,618,751,348,0.48348348348348347,0.7080745341614907,1.0273333333333334,0.0,8.0,0.4955894145950281,0.4633821571238349
14,P1,0,0,8,adaptive_revelation,pre,R0,0,Schielhau,2223,2223,2068,1466,4559,0,132,348,16544,1376,1256,847,812,0.9302744039586145,0.7088974854932302,1.5196666666666667,0.0,8.0,0.9127906976744186,0.9586776859504132
14,P1,0,0,5,adaptive_revelation,pre,R0,0,Absetzen,1959,1959,1022,709,3199,0,292,730,5110,1248,663,711,359,0.521694742215416,0.6937377690802349,1.0663333333333334,0.0,5.0,0.53125,0.5049226441631505
14,P1,0,0,5,adaptive_revelation,pre,R0,0,Scambiar di Punta,1959,1959,919,652,2973,0,267,652,4595,1248,571,711,348,0.46911689637570186,0.7094668117519043,0.991,0.0,5.0,0.45753205128205127,0.48945147679324896
14,P1,0,0,5,adaptive_revelation,pre,R0,0,Schielhau,2237,2237,2084,1419,4404,0,151,313,10420,1424,1306,813,778,0.9316048278945016,0.6809021113243762,1.468,0.0,5.0,0.9171348314606742,0.956949569495695
14,P1,0,0,3,adaptive_revelation,pre,R0,0,Absetzen,2026,2026,1029,713,3201,0,315,714,3087,1271,644,755,385,0.5078973346495558,0.6929057337220602,1.067,0.0,3.0,0.5066876475216365,0.5099337748344371
14,P1,0,0,3,adaptive_revelation,pre,R0,0,Scambiar di Punta,2026,2026,976,678,2992,0,277,699,2928,1271,609,755,367,0.4817374136229023,0.694672131147541,0.9973333333333333,0.0,3.0,0.47915027537372146,0.4860927152317881
14,P1,0,0,3,adaptive_revelation,pre,R0,0,Schielhau,2227,2227,2076,1436,4434,0,146,345,6228,1409,1286,818,790,0.9321957790749887,0.6917148362235067,1.478,0.0,3.0,0.9127040454222853,0.9657701711491442
14,P1,0,0,1,adaptive_revelation,pre,R0,0,Absetzen,1966,1966,938,689,3117,0,269,669,938,1262,605,704,333,0.47711088504577825,0.7345415778251599,1.039,0.0,1.0,0.47939778129952454,0.47301136363636365
14,P1,0,0,1,adaptive_revelation,pre,R0,0,Scambiar di Punta,1966,1966,1002,709,3186,0,274,728,1002,1262,638,704,364,0.5096642929806714,0.7075848303393214,1.062,0.0,1.0,0.5055467511885895,0.5170454545454546
14,P1,0,0,1,adaptive_revelation,pre,R0,0,Schielhau,2292,2292,2131,1491,4422,0,156,374,2131,1484,1365,808,766,0.9297556719022687,0.699671515720319,1.474,0.0,1.0,0.9198113207547169,0.948019801980198
14,P1,0,1,8,adaptive_revelation,pre,R0,0,Absetzen,2005,2005,937,660,2950,937,286,651,7231,1250,576,755,361,0.46733167082294264,0.7043756670224119,0.9833333333333333,0.31233333333333335,7.71718249733191,0.4608,0.4781456953642384
14,P1,0,1,8,adaptive_revelation,pre,R0,0,Scambiar di Punta,2005,2005,1001,696,3202,1001,283,718,7732,1250,623,755,378,0.49925187032418955,0.6953046953046953,1.0673333333333332,0.33366666666666667,7.724275724275724,0.4984,0.5006622516556292
14,P1,0,1,8,adaptive_revelation,pre,R0,0,Schielhau,2338,2338,2000,1424,4388,2000,163,391,15587,1455,1213,883,787,0.8554319931565441,0.712,1.4626666666666666,0.6666666666666666,7.7935,0.8336769759450172,0.8912797281993206
14,P1,0,1,5,adaptive_revelation,pre,R0,0,Absetzen,2001,2001,914,632,2827,914,260,654,4339,1272,580,729,334,0.4567716141929036,0.6914660831509847,0.9423333333333334,0.30466666666666664,4.7472647702407,0.4559748427672956,0.45816186556927296
14,P1,0,1,5,adaptive_revelation,pre,R0,0,Scambiar di Punta,2001,2001,1010,704,3164,1010,277,733,4775,1272,626,729,384,0.5047476261869065,0.697029702970297,1.0546666666666666,0.33666666666666667,4.727722772277228,0.4921383647798742,0.5267489711934157
14,P1,0,1,5,adaptive_revelation,pre,R0,0,Schielhau,2257,2257,1886,1344,4161,1886,148,328,9073,1389,1124,868,762,0.8356225077536553,0.7126193001060446,1.387,0.6286666666666667,4.810710498409332,0.8092152627789777,0.8778801843317973
14,P1,0,1,3,adaptive_revelation,pre,R0,0,Absetzen,2076,2076,982,695,3086,982,312,670,2684,1317,610,759,372,0.4730250481695568,0.7077393075356415,1.0286666666666666,0.3273333333333333,2.7331975560081467,0.4631738800303721,0.4901185770750988
14,P1,0,1,3,adaptive_revelation,pre,R0,0,Scambiar di Punta,2076,2076,974,682,3006,974,296,678,2682,1317,609,759,365,0.46917148362235067,0.7002053388090349,1.002,0.32466666666666666,2.753593429158111,0.4624145785876993,0.48089591567852435
14,P1,0,1,3,adaptive_revelation,pre,R0,0,Schielhau,2240,2239,1749,1207,3772,1749,143,341,4959,1393,1054,847,695,0.7808035714285714,0.69010863350486,1.2573333333333334,0.583,2.8353344768439106,0.756640344580043,0.820543093270366
14,P1,0,1,1,adaptive_revelation,pre,R0,0,Absetzen,2128,1917,577,395,1808,577,185,392,577,1313,330,815,247,0.27114661654135336,0.6845753899480069,0.6026666666666667,0.19233333333333333,1.0,0.25133282559025133,0.3030674846625767
14,P1,0,1,1,adaptive_revelation,pre,R0,0,Scambiar di Punta,2128,1917,590,416,1961,590,199,391,590,1313,352,815,238,0.27725563909774437,0.7050847457627119,0.6536666666666666,0.19666666666666666,1.0,0.26808834729626807,0.2920245398773006
14,P1,0,1,1,adaptive_revelation,pre,R0,0,Schielhau,2448,2240,600,401,1185,600,85,158,600,1460,328,988,272,0.24509803921568626,0.6683333333333333,0.395,0.2,1.0,0.22465753424657534,0.27530364372469635
14,P1,1,0,8,adaptive_revelation,pre,R0,0,Absetzen,1929,1929,960,643,2888,0,265,695,7557,1234,629,695,331,0.4976671850699845,0.6697916666666667,0.9626666666666667,0.0,7.871875,0.5097244732576985,0.4762589928057554
14,P1,1,0,8,adaptive_revelation,pre,R0,0,Scambiar di Punta,1929,1929,944,670,3048,0,272,672,7416,1234,587,695,357,0.4893727319854847,0.7097457627118644,1.016,0.0,7.8559322033898304,0.47568881685575365,0.5136690647482014
14,P1,1,0,8,adaptive_revelation,pre,R0,0,Schielhau,2328,2328,2157,1525,4703,0,152,356,16936,1483,1360,845,797,0.9265463917525774,0.7070004636068614,1.5676666666666668,0.0,7.851645804357904,0.9170600134861767,0.9431952662721893
14,P1,1,0,5,adaptive_revelation,pre,R0,0,Absetzen,1982,1982,963,679,3113,0,274,689,4704,1266,617,716,346,0.4858728557013118,0.7050882658359294,1.0376666666666667,0.0,4.8847352024922115,0.4873617693522907,0.48324022346368717
14,P1,1,0,5,adaptive_revelation,pre,R0,0,Scambiar di Punta,1982,1982,989,708,3222,0,300,689,4812,1266,621,716,368,0.4989909182643794,0.7158746208291203,1.074,0.0,4.8655207280080885,0.490521327014218,0.5139664804469274
14,P1,1,0,5,adaptive_revelation,pre,R0,0,Schielhau,2266,2266,2101,1493,4593,0,160,363,10217,1439,1316,827,785,0.9271844660194175,0.7106139933365064,1.531,0.0,4.86292241789624,0.9145239749826268,0.9492140266021766
14,P1,1,0,3,adaptive_revelation,pre,R0,0,Absetzen,1924,1924,934,650,2940,0,293,641,2691,1220,582,704,352,0.48544698544698545,0.69593147751606,0.98,0.0,2.8811563169164884,0.47704918032786886,0.5
14,P1,1,0,3,adaptive_revelation,pre,R0,0,Scambiar di Punta,1924,1924,956,654,2957,0,279,677,2766,1220,616,704,340,0.4968814968814969,0.6841004184100419,0.9856666666666667,0.0,2.8933054393305437,0.5049180327868853,0.48295454545454547
14,P1,1,0,3,adaptive_revelation,pre,R0,0,Schielhau,2365,2365,2204,1536,4897,0,169,368,6311,1518,1396,847,808,0.9319238900634249,0.6969147005444646,1.6323333333333334,0.0,2.863430127041742,0.919631093544137,0.9539551357733176
14,P1,1,0,1,adaptive_revelation,pre,R0,0,Absetzen,2034,2034,982,700,3097,0,378,604,929,1231,612,803,370,0.48279252704031467,0.7128309572301426,1.0323333333333333,0.0,0.9460285132382892,0.49715678310316813,0.46077210460772106
14,P1,1,0,1,adaptive_revelation,pre,R0,0,Scambiar di Punta,2034,2034,1025,723,3270,0,424,601,958,1231,600,803,425,0.5039331366764995,0.7053658536585365,1.09,0.0,0.9346341463414635,0.487408610885459,0.5292652552926526
14,P1,1,0,1,adaptive_revelation,pre,R0,0,Schielhau,2390,2390,2250,1608,5562,0,188,310,2124,1501,1400,889,850,0.9414225941422594,0.7146666666666667,1.854,0.0,0.944,0.9327115256495669,0.9561304836895388
14,P1,1,1,8,adaptive_revelation,pre,R0,0,Absetzen,2078,2078,994,700,3145,994,305,689,7517,1287,607,791,387,0.47834456207892206,0.704225352112676,1.0483333333333333,0.3313333333333333,7.562374245472837,0.4716394716394716,0.4892541087231353
14,P1,1,1,8,adaptive_revelation,pre,R0,0,Scambiar di Punta,2078,2078,1022,708,3155,1022,309,713,7728,1287,624,791,398,0.4918190567853705,0.6927592954990215,1.0516666666666667,0.3406666666666667,7.561643835616438,0.48484848484848486,0.5031605562579013
14,P1,1,1,8,adaptive_revelation,pre,R0,0,Schielhau,2322,2322,1987,1428,4398,1987,138,364,15211,1493,1252,829,735,0.8557278208440999,0.7186713638651233,1.466,0.6623333333333333,7.6552591847005536,0.8385800401875418,0.8866103739445115
14,P1,1,1,5,adaptive_revelation,pre,R0,0,Absetzen,1946,1946,941,660,2906,941,266,675,4327,1251,602,695,339,0.4835560123329907,0.7013815090329437,0.9686666666666667,0.31366666666666665,4.598299681190223,0.4812150279776179,0.48776978417266187
14,P1,1,1,5,adaptive_revelation,pre,R0,0,Scambiar di Punta,1946,1946,925,675,3075,925,268,657,4248,1251,584,695,341,0.47533401849948614,0.7297297297297297,1.025,0.30833333333333335,4.592432432432433,0.46682653876898483,0.4906474820143885
14,P1,1,1,5,adaptive_revelation,pre,R0,0,Schielhau,2272,2272,1892,1301,4089,1892,148,314,8850,1419,1147,853,745,0.8327464788732394,0.6876321353065539,1.363,0.6306666666666667,4.677589852008457,0.8083157152924595,0.8733880422039859
14,P1,1,1,3,adaptive_revelation,pre,R0,0,Absetzen,2000,1987,926,644,2904,926,279,647,2435,1288,595,712,331,0.463,0.6954643628509719,0.968,0.30866666666666664,2.6295896328293735,0.46195652173913043,0.4648876404494382
14,P1,1,1,3,adaptive_revelation,pre,R0,0,Scambiar di Punta,2000,1987,935,648,2844,935,294,641,2481,1288,616,712,319,0.4675,0.6930481283422459,0.948,0.31166666666666665,2.653475935828877,0.4782608695652174,0.44803370786516855
14,P1,1,1,3,adaptive_revelation,pre,R0,0,Schielhau,2404,2394,1795,1249,3948,1795,145,308,4878,1471,1116,933,679,0.7466722129783694,0.6958217270194986,1.316,0.5983333333333334,2.717548746518106,0.7586675730795377,0.7277599142550911
14,P1,1,1,1,adaptive_revelation,pre,R0,0,Absetzen,2158,1813,533,342,1550,533,249,284,533,1189,303,969,230,0.2469879518072289,0.6416510318949343,0.5166666666666667,0.17766666666666667,1.0,0.25483599663582845,0.23735810113519093
14,P1,1,1,1,adaptive_revelation,pre,R0,0,Scambiar di Punta,2158,1813,507,361,1667,507,228,279,507,1189,269,969,238,0.23493975903614459,0.7120315581854043,0.5556666666666666,0.169,1.0,0.22624053826745164,0.24561403508771928
14,P1,1,1,1,adaptive_revelation,pre,R0,0,Schielhau,2700,2388,576,378,1373,576,114,94,576,1492,265,1208,311,0.21333333333333335,0.65625,0.45766666666666667,0.192,1.0,0.17761394101876676,0.2574503311258278
14,P1,2,0,8,adaptive_revelation,pre,R0,0,Absetzen,1942,1942,992,686,3087,0,305,687,7678,1227,612,715,380,0.5108135942327497,0.6915322580645161,1.029,0.0,7.73991935483871,0.49877750611246946,0.5314685314685315
14,P1,2,0,8,adaptive_revelation,pre,R0,0,Scambiar di Punta,1942,1942,923,637,2855,0,279,644,7164,1227,592,715,331,0.4752832131822863,0.6901408450704225,0.9516666666666667,0.0,7.761646803900325,0.48247758761206194,0.46293706293706294
14,P1,2,0,8,adaptive_revelation,pre,R0,0,Schielhau,2300,2300,2139,1505,4651,0,158,373,16496,1464,1342,836,797,0.93,0.7035998129967275,1.5503333333333333,0.0,7.712014960261804,0.9166666666666666,0.9533492822966507
14,P1,2,0,5,adaptive_revelation,pre,R0,0,Absetzen,1999,1999,985,667,2973,0,353,632,4703,1244,608,755,377,0.4927463731865933,0.6771573604060914,0.991,0.0,4.774619289340102,0.4887459807073955,0.49933774834437084
14,P1,2,0,5,adaptive_revelation,pre,R0,0,Scambiar di Punta,1999,1999,979,679,3008,0,361,618,4685,1244,611,755,368,0.4897448724362181,0.693564862104188,1.0026666666666666,0.0,4.785495403472932,0.49115755627009644,0.48741721854304637
14,P1,2,0,5,adaptive_revelation,pre,R0,0,Schielhau,2332,2332,2193,1565,5136,0,181,362,10503,1451,1348,881,845,0.9403945111492281,0.7136342909256725,1.712,0.0,4.789329685362517,0.9290144727773949,0.9591373439273553
14,P1,2,0,3,adaptive_revelation,pre,R0,0,Absetzen,2074,2074,999,714,3200,0,399,600,2841,1269,614,805,385,0.48167791706846674,0.7147147147147147,1.0666666666666667,0.0,2.843843843843844,0.4838455476753349,0.4782608695652174
14,P1,2,0,3,adaptive_revelation,pre,R0,0,Scambiar di Punta,2074,2074,1049,744,3348,0,421,628,2979,1269,635,805,414,0.5057859209257474,0.7092469018112488,1.116,0.0,2.8398474737845567,0.5003940110323088,0.5142857142857142
14,P1,2,0,3,adaptive_revelation,pre,R0,0,Schielhau,2261,2261,2121,1477,4870,0,194,307,5997,1426,1316,835,805,0.9380804953560371,0.6963696369636964,1.6233333333333333,0.0,2.8274398868458275,0.9228611500701263,0.9640718562874252
14,P1,2,0,1,adaptive_revelation,pre,R0,0,Absetzen,2130,2130,1015,724,3249,0,393,622,1015,1280,591,850,424,0.4765258215962441,0.7133004926108374,1.083,0.0,1.0,0.46171875,0.4988235294117647
14,P1,2,0,1,adaptive_revelation,pre,R0,0,Scambiar di Punta,2130,2130,1087,741,3316,0,427,660,1087,1280,670,850,417,0.5103286384976525,0.6816927322907084,1.1053333333333333,0.0,1.0,0.5234375,0.49058823529411766
14,P1,2,0,1,adaptive_revelation,pre,R0,0,Schielhau,2452,2452,2278,1645,7416,0,201,330,2278,1468,1343,984,935,0.9290375203915171,0.7221246707638279,2.472,0.0,1.0,0.9148501362397821,0.9502032520325203
14,P1,2,1,8,adaptive_revelation,pre,R0,0,Absetzen,2102,2102,1011,697,3080,1011,340,671,7574,1308,604,794,407,0.4809705042816365,0.6894164193867458,1.0266666666666666,0.337,7.491592482690406,0.4617737003058104,0.5125944584382871
14,P1,2,1,8,adaptive_revelation,pre,R0,0,Scambiar di Punta,2102,2102,1023,709,3126,1023,312,711,7640,1308,652,794,371,0.4866793529971456,0.6930596285434996,1.042,0.341,7.468230694037145,0.4984709480122324,0.4672544080604534
14,P1,2,1,8,adaptive_revelation,pre,R0,0,Schielhau,2333,2333,1997,1374,4264,1997,168,353,15069,1456,1219,877,778,0.8559794256322332,0.6880320480721082,1.4213333333333333,0.6656666666666666,7.545818728092138,0.8372252747252747,0.887115165336374
14,P1,2,1,5,adaptive_revelation,pre,R0,0,Absetzen,2054,2052,1016,714,3314,1016,367,649,4576,1284,633,770,383,0.4946445959104187,0.702755905511811,1.1046666666666667,0.33866666666666667,4.503937007874016,0.4929906542056075,0.4974025974025974
14,P1,2,1,5,adaptive_revelation,pre,R0,0,Scambiar di Punta,2054,2052,940,650,2938,940,336,604,4249,1284,584,770,356,0.45764362220058424,0.6914893617021277,0.9793333333333333,0.31333333333333335,4.520212765957447,0.45482866043613707,0.4623376623376623
14,P1,2,1,5,adaptive_revelation,pre,R0,0,Schielhau,2387,2387,1951,1356,4273,1951,182,327,8902,1501,1189,886,762,0.8173439463762044,0.6950281906714505,1.4243333333333332,0.6503333333333333,4.56278831368529,0.7921385742838108,0.8600451467268623
14,P1,2,1,3,adaptive_revelation,pre,R0,0,Absetzen,2126,2110,957,641,2921,957,391,566,2530,1262,600,864,357,0.4501411100658514,0.6698014629049112,0.9736666666666667,0.319,2.6436781609195403,0.4754358161648177,0.4131944444444444
14,P1,2,1,3,adaptive_revelation,pre,R0,0,Scambiar di Punta,2126,2110,982,681,3118,982,411,571,2579,1262,557,864,425,0.4619002822201317,0.6934826883910387,1.0393333333333334,0.3273333333333333,2.6262729124236253,0.44136291600633915,0.49189814814814814
14,P1,2,1,3,adaptive_revelation,pre,R0,0,Schielhau,2389,2370,1754,1246,4253,1754,190,304,4868,1472,1115,917,639,0.7341984093763081,0.7103762827822121,1.4176666666666666,0.5846666666666667,2.775370581527936,0.7574728260869565,0.6968375136314068
14,P1,2,1,1,adaptive_revelation,pre,R0,0,Absetzen,2207,1946,574,405,1805,574,247,327,574,1279,331,928,243,0.260081558676937,0.705574912891986,0.6016666666666667,0.19133333333333333,1.0,0.25879593432369036,0.26185344827586204
14,P1,2,1,1,adaptive_revelation,pre,R0,0,Scambiar di Punta,2207,1946,571,407,1871,571,229,342,571,1279,325,928,246,0.2587222473946534,0.712784588441331,0.6236666666666667,0.19033333333333333,1.0,0.2541047693510555,0.2650862068965517
14,P1,2,1,1,adaptive_revelation,pre,R0,0,Schielhau,2699,2441,636,438,1986,636,122,116,636,1439,293,1260,343,0.2356428306780289,0.6886792452830188,0.662,0.212,1.0,0.20361362056984017,0.2722222222222222
18,P0,0,0,8,adaptive_revelation,pre,R0,0,Absetzen,2544,2544,1250,1120,4946,0,491,759,10000,1593,789,951,461,0.4913522012578616,0.896,1.6486666666666667,0.0,8.0,0.4952919020715631,0.48475289169295477
18,P0,0,0,8,adaptive_revelation,pre,R0,0,Scambiar di Punta,2544,2544,1279,1145,5090,0,536,743,10232,1593,792,951,487,0.502751572327044,0.8952306489444879,1.6966666666666668,0.0,8.0,0.4971751412429379,0.5120925341745531
18,P0,0,0,8,adaptive_revelation,pre,R0,0,Schielhau,2703,2703,2600,2335,6285,0,254,413,20800,1773,1697,930,903,0.9618941916389198,0.8980769230769231,2.095,0.0,8.0,0.9571347997743936,0.9709677419354839
18,P0,0,0,5,adaptive_revelation,pre,R0,0,Absetzen,2557,2557,1255,1126,5101,0,510,745,6275,1599,784,958,471,0.4908095424325381,0.8972111553784861,1.7003333333333333,0.0,5.0,0.4903064415259537,0.49164926931106473
18,P0,0,0,5,adaptive_revelation,pre,R0,0,Scambiar di Punta,2557,2557,1287,1149,5134,0,505,782,6435,1599,803,958,484,0.503324208056316,0.8927738927738927,1.7113333333333334,0.0,5.0,0.5021888680425266,0.5052192066805845
18,P0,0,0,5,adaptive_revelation,pre,R0,0,Schielhau,2698,2698,2585,2337,6316,0,230,394,12925,1807,1722,891,863,0.958117123795404,0.9040618955512573,2.1053333333333333,0.0,5.0,0.9529607083563918,0.9685746352413019
18,P0,0,0,3,adaptive_revelation,pre,R0,0,Absetzen,2502,2502,1272,1144,5145,0,544,728,3816,1551,779,951,493,0.5083932853717026,0.89937106918239,1.715,0.0,3.0,0.5022566086395873,0.5184016824395373
18,P0,0,0,3,adaptive_revelation,pre,R0,0,Scambiar di Punta,2502,2502,1221,1107,5037,0,487,734,3663,1551,766,951,455,0.4880095923261391,0.9066339066339066,1.679,0.0,3.0,0.4938749194068343,0.4784437434279706
18,P0,0,0,3,adaptive_revelation,pre,R0,0,Schielhau,2721,2721,2588,2309,6140,0,276,415,7764,1838,1731,883,857,0.9511209114296214,0.8921947449768161,2.046666666666667,0.0,3.0,0.941784548422198,0.970554926387316
18,P0,0,0,1,adaptive_revelation,pre,R0,0,Absetzen,2613,2613,1280,1178,5180,0,523,757,1280,1615,781,998,499,0.4898584003061615,0.9203125,1.7266666666666666,0.0,1.0,0.48359133126934983,0.5
18,P0,0,0,1,adaptive_revelation,pre,R0,0,Scambiar di Punta,2613,2613,1319,1202,5343,0,533,786,1319,1615,822,998,497,0.5047837734404899,0.9112964366944655,1.781,0.0,1.0,0.5089783281733746,0.49799599198396793
18,P0,0,0,1,adaptive_revelation,pre,R0,0,Schielhau,2675,2675,2561,2304,5968,0,272,386,2561,1764,1673,911,888,0.9573831775700935,0.8996485747754783,1.9893333333333334,0.0,1.0,0.9484126984126984,0.9747530186608123
18,P0,0,1,8,adaptive_revelation,pre,R0,0,Absetzen,2509,2509,1239,1110,5056,1239,507,732,9493,1558,750,951,489,0.4938222399362296,0.8958837772397095,1.6853333333333333,0.413,7.66182405165456,0.4813863928112965,0.5141955835962145
18,P0,0,1,8,adaptive_revelation,pre,R0,0,Scambiar di Punta,2509,2509,1236,1095,4932,1236,507,729,9453,1558,779,951,457,0.49262654444001597,0.8859223300970874,1.644,0.412,7.648058252427185,0.5,0.480546792849632
18,P0,0,1,8,adaptive_revelation,pre,R0,0,Schielhau,2700,2700,2430,2197,5982,2430,248,414,18828,1790,1578,910,852,0.9,0.9041152263374486,1.994,0.81,7.7481481481481485,0.8815642458100559,0.9362637362637363
18,P0,0,1,5,adaptive_revelation,pre,R0,0,Absetzen,2547,2547,1280,1132,5126,1280,492,788,5937,1622,803,925,477,0.5025520219866509,0.884375,1.7086666666666666,0.4266666666666667,4.63828125,0.49506781750924783,0.5156756756756756
18,P0,0,1,5,adaptive_revelation,pre,R0,0,Scambiar di Punta,2547,2547,1246,1127,5091,1246,500,746,5814,1622,799,925,447,0.48920298390263056,0.9044943820224719,1.697,0.41533333333333333,4.666131621187801,0.4926017262638718,0.48324324324324325
18,P0,0,1,5,adaptive_revelation,pre,R0,0,Schielhau,2749,2749,2453,2193,5929,2453,239,412,11628,1828,1602,921,851,0.8923244816296835,0.8940073379535263,1.9763333333333333,0.8176666666666667,4.740317977986139,0.8763676148796499,0.9239956568946797
18,P0,0,1,3,adaptive_revelation,pre,R0,0,Absetzen,2590,2583,1265,1138,5126,1265,486,779,3396,1589,789,1001,476,0.48841698841698844,0.899604743083004,1.7086666666666666,0.4216666666666667,2.684584980237154,0.49653870358716173,0.4755244755244755
18,P0,0,1,3,adaptive_revelation,pre,R0,0,Scambiar di Punta,2590,2583,1260,1126,5006,1260,540,720,3324,1589,770,1001,490,0.4864864864864865,0.8936507936507937,1.6686666666666667,0.42,2.638095238095238,0.4845814977973568,0.48951048951048953
18,P0,0,1,3,adaptive_revelation,pre,R0,0,Schielhau,2771,2767,2311,2092,5265,2311,283,426,6433,1828,1515,943,796,0.8339949476723204,0.9052358286456079,1.755,0.7703333333333333,2.783643444396365,0.8287746170678337,0.8441145281018028
18,P0,0,1,1,adaptive_revelation,pre,R0,0,Absetzen,2828,2271,895,817,3630,895,349,546,895,1620,560,1208,335,0.3164780763790665,0.9128491620111732,1.21,0.29833333333333334,1.0,0.345679012345679,0.277317880794702
18,P0,0,1,1,adaptive_revelation,pre,R0,0,Scambiar di Punta,2828,2271,958,863,3884,958,398,560,958,1620,595,1208,363,0.33875530410183874,0.9008350730688935,1.2946666666666666,0.31933333333333336,1.0,0.36728395061728397,0.30049668874172186
18,P0,0,1,1,adaptive_revelation,pre,R0,0,Schielhau,3100,2630,962,880,2264,962,211,227,962,1803,535,1297,427,0.3103225806451613,0.9147609147609148,0.7546666666666667,0.32066666666666666,1.0,0.2967276760953966,0.3292212798766384
18,P0,1,0,8,adaptive_revelation,pre,R0,0,Absetzen,2544,2544,1285,1164,5295,0,550,735,10113,1572,787,972,498,0.5051100628930818,0.9058365758754864,1.765,0.0,7.870038910505836,0.5006361323155216,0.5123456790123457
18,P0,1,0,8,adaptive_revelation,pre,R0,0,Scambiar di Punta,2544,2544,1252,1132,5064,0,529,723,9829,1572,779,972,473,0.4921383647798742,0.9041533546325878,1.688,0.0,7.850638977635783,0.4955470737913486,0.48662551440329216
18,P0,1,0,8,adaptive_revelation,pre,R0,0,Schielhau,2737,2737,2629,2392,6210,0,258,441,20669,1847,1766,890,863,0.9605407380343441,0.9098516546215291,2.07,0.0,7.861924686192468,0.9561451001624256,0.9696629213483146
18,P0,1,0,5,adaptive_revelation,pre,R0,0,Absetzen,2602,2602,1275,1144,5165,0,541,734,6197,1636,790,966,485,0.4900076863950807,0.8972549019607843,1.7216666666666667,0.0,4.860392156862745,0.4828850855745721,0.5020703933747412
18,P0,1,0,5,adaptive_revelation,pre,R0,0,Scambiar di Punta,2602,2602,1312,1189,5315,0,510,802,6392,1636,833,966,479,0.504227517294389,0.90625,1.7716666666666667,0.0,4.871951219512195,0.5091687041564792,0.49585921325051757
18,P0,1,0,5,adaptive_revelation,pre,R0,0,Schielhau,2647,2647,2524,2301,6261,0,239,399,12310,1813,1716,834,808,0.9535323007177937,0.911648177496038,2.087,0.0,4.877179080824089,0.9464975179260894,0.9688249400479616
18,P0,1,0,3,adaptive_revelation,pre,R0,0,Absetzen,2536,2536,1293,1149,5190,0,534,759,3713,1558,795,978,498,0.5098580441640379,0.888631090487239,1.73,0.0,2.8716163959783447,0.5102695763799743,0.50920245398773
18,P0,1,0,3,adaptive_revelation,pre,R0,0,Scambiar di Punta,2536,2536,1228,1114,5071,0,507,721,3529,1558,752,978,476,0.4842271293375394,0.9071661237785016,1.6903333333333332,0.0,2.8737785016286646,0.48267008985879334,0.4867075664621677
18,P0,1,0,3,adaptive_revelation,pre,R0,0,Schielhau,2683,2683,2580,2327,6359,0,229,423,7404,1826,1748,857,832,0.9616101379053299,0.9019379844961241,2.119666666666667,0.0,2.869767441860465,0.9572836801752465,0.970828471411902
18,P0,1,0,1,adaptive_revelation,pre,R0,0,Absetzen,2594,2594,1281,1146,5127,0,512,769,1179,1597,793,997,488,0.4938319198149576,0.8946135831381733,1.709,0.0,0.9203747072599532,0.4965560425798372,0.48946840521564694
18,P0,1,0,1,adaptive_revelation,pre,R0,0,Scambiar di Punta,2594,2594,1304,1164,5161,0,537,767,1196,1597,798,997,506,0.5026985350809561,0.8926380368098159,1.7203333333333333,0.0,0.9171779141104295,0.4996869129618034,0.5075225677031093
18,P0,1,0,1,adaptive_revelation,pre,R0,0,Schielhau,2683,2683,2558,2304,6912,0,233,387,2355,1789,1693,894,865,0.9534103615355944,0.9007036747458952,2.304,0.0,0.9206411258795935,0.946338736724427,0.9675615212527964
18,P0,1,1,8,adaptive_revelation,pre,R0,0,Absetzen,2575,2575,1259,1125,5020,1259,503,756,9444,1650,793,925,466,0.48893203883495145,0.8935663224781573,1.6733333333333333,0.4196666666666667,7.501191421763304,0.4806060606060606,0.5037837837837837
18,P0,1,1,8,adaptive_revelation,pre,R0,0,Scambiar di Punta,2575,2575,1285,1157,5201,1285,504,781,9651,1650,831,925,454,0.49902912621359224,0.9003891050583658,1.7336666666666667,0.42833333333333334,7.5105058365758754,0.5036363636363637,0.4908108108108108
18,P0,1,1,8,adaptive_revelation,pre,R0,0,Schielhau,2719,2719,2465,2204,6121,2465,282,389,18805,1816,1621,903,844,0.9065833026848106,0.8941176470588236,2.0403333333333333,0.8216666666666667,7.628803245436106,0.8926211453744494,0.9346622369878184
18,P0,1,1,5,adaptive_revelation,pre,R0,0,Absetzen,2575,2575,1249,1123,5151,1249,537,712,5634,1573,745,1002,504,0.4850485436893204,0.899119295436349,1.717,0.41633333333333333,4.510808646917534,0.47361729179911,0.5029940119760479
18,P0,1,1,5,adaptive_revelation,pre,R0,0,Scambiar di Punta,2575,2575,1294,1152,5177,1294,524,770,5872,1573,807,1002,487,0.5025242718446602,0.8902627511591963,1.7256666666666667,0.43133333333333335,4.5378670788253475,0.5130324221233312,0.48602794411177647
18,P0,1,1,5,adaptive_revelation,pre,R0,0,Schielhau,2701,2701,2369,2121,5624,2369,242,393,11003,1792,1553,909,816,0.8770825620140689,0.8953144786829886,1.8746666666666667,0.7896666666666666,4.6445757703672435,0.8666294642857143,0.8976897689768977
18,P0,1,1,3,adaptive_revelation,pre,R0,0,Absetzen,2707,2682,1278,1164,5152,1278,523,755,3265,1699,791,1008,487,0.47210934613963795,0.9107981220657277,1.7173333333333334,0.426,2.554773082942097,0.4655679811653914,0.48313492063492064
18,P0,1,1,3,adaptive_revelation,pre,R0,0,Scambiar di Punta,2707,2682,1330,1202,5318,1330,525,805,3418,1699,867,1008,463,0.49131880310306614,0.9037593984962407,1.7726666666666666,0.44333333333333336,2.569924812030075,0.5103001765744556,0.4593253968253968
18,P0,1,1,3,adaptive_revelation,pre,R0,0,Schielhau,2715,2699,2228,2009,5469,2228,249,391,5962,1772,1454,943,774,0.8206261510128914,0.901705565529623,1.823,0.7426666666666667,2.6759425493716336,0.8205417607223476,0.8207847295864263
18,P0,1,1,1,adaptive_revelation,pre,R0,0,Absetzen,2730,2105,837,755,3361,837,350,487,837,1530,516,1200,321,0.3065934065934066,0.9020310633213859,1.1203333333333334,0.279,1.0,0.33725490196078434,0.2675
18,P0,1,1,1,adaptive_revelation,pre,R0,0,Scambiar di Punta,2730,2105,824,740,3325,824,322,502,824,1530,527,1200,297,0.3018315018315018,0.8980582524271845,1.1083333333333334,0.27466666666666667,1.0,0.34444444444444444,0.2475
18,P0,1,1,1,adaptive_revelation,pre,R0,0,Schielhau,3114,2536,932,841,2724,932,196,239,932,1841,562,1273,370,0.29929351316634556,0.9023605150214592,0.908,0.31066666666666665,1.0,0.30526887561108096,0.2906520031421838
18,P0,2,0,8,adaptive_revelation,pre,R0,0,Absetzen,2618,2618,1348,1204,5399,0,543,805,10472,1652,852,966,496,0.5148968678380443,0.8931750741839762,1.7996666666666667,0.0,7.768545994065282,0.5157384987893463,0.5134575569358178
18,P0,2,0,8,adaptive_revelation,pre,R0,0,Scambiar di Punta,2618,2618,1257,1141,5241,0,525,732,9722,1652,788,966,469,0.48013750954927426,0.9077167859984089,1.747,0.0,7.734287987271281,0.47699757869249393,0.4855072463768116
18,P0,2,0,8,adaptive_revelation,pre,R0,0,Schielhau,2667,2667,2555,2289,6118,0,231,405,19862,1798,1705,869,850,0.958005249343832,0.8958904109589041,2.0393333333333334,0.0,7.773776908023484,0.9482758620689655,0.9781357882623706
18,P0,2,0,5,adaptive_revelation,pre,R0,0,Absetzen,2547,2547,1323,1203,5418,0,533,790,6345,1602,833,945,490,0.519434628975265,0.909297052154195,1.806,0.0,4.795918367346939,0.5199750312109863,0.5185185185185185
18,P0,2,0,5,adaptive_revelation,pre,R0,0,Scambiar di Punta,2547,2547,1216,1110,5030,0,501,715,5796,1602,762,945,454,0.4774244208873184,0.912828947368421,1.6766666666666667,0.0,4.766447368421052,0.4756554307116105,0.4804232804232804
18,P0,2,0,5,adaptive_revelation,pre,R0,0,Schielhau,2669,2669,2546,2295,6134,0,243,414,12102,1768,1673,901,873,0.95391532409142,0.901413982717989,2.0446666666666666,0.0,4.753338570306363,0.9462669683257918,0.9689234184239733
18,P0,2,0,3,adaptive_revelation,pre,R0,0,Absetzen,2565,2565,1276,1136,5008,0,541,735,3568,1596,801,969,475,0.49746588693957117,0.890282131661442,1.6693333333333333,0.0,2.7962382445141065,0.5018796992481203,0.49019607843137253
18,P0,2,0,3,adaptive_revelation,pre,R0,0,Scambiar di Punta,2565,2565,1278,1147,5168,0,519,759,3590,1596,785,969,493,0.4982456140350877,0.8974960876369327,1.7226666666666666,0.0,2.809076682316119,0.4918546365914787,0.5087719298245614
18,P0,2,0,3,adaptive_revelation,pre,R0,0,Schielhau,2653,2653,2538,2257,6430,0,253,406,7120,1774,1683,879,855,0.9566528458349038,0.8892828999211978,2.1433333333333335,0.0,2.805358550039401,0.9487034949267192,0.9726962457337884
18,P0,2,0,1,adaptive_revelation,pre,R0,0,Absetzen,2546,2546,1314,1192,5433,0,555,759,1314,1579,817,967,497,0.5161036920659858,0.9071537290715372,1.811,0.0,1.0,0.5174160861304623,0.5139607032057911
18,P0,2,0,1,adaptive_revelation,pre,R0,0,Scambiar di Punta,2546,2546,1224,1085,4837,0,505,719,1224,1579,756,967,468,0.4807541241162608,0.886437908496732,1.6123333333333334,0.0,1.0,0.47878404053198226,0.483971044467425
18,P0,2,0,1,adaptive_revelation,pre,R0,0,Schielhau,2616,2616,2499,2257,10225,0,270,394,2499,1819,1721,797,778,0.9552752293577982,0.9031612645058024,3.408333333333333,0.0,1.0,0.9461242440901594,0.9761606022584692
18,P0,2,1,8,adaptive_revelation,pre,R0,0,Absetzen,2633,2633,1320,1175,5194,1320,570,750,9740,1578,776,1055,544,0.5013292821876187,0.8901515151515151,1.7313333333333334,0.44,7.378787878787879,0.4917617237008872,0.5156398104265403
18,P0,2,1,8,adaptive_revelation,pre,R0,0,Scambiar di Punta,2633,2633,1275,1153,5148,1275,523,752,9437,1578,773,1055,502,0.48423851120394984,0.9043137254901961,1.716,0.425,7.40156862745098,0.48986058301647656,0.4758293838862559
18,P0,2,1,8,adaptive_revelation,pre,R0,0,Schielhau,2726,2726,2467,2220,5872,2467,237,420,18532,1814,1616,912,851,0.90498899486427,0.899878394811512,1.9573333333333334,0.8223333333333334,7.511957843534658,0.8908489525909592,0.9331140350877193
18,P0,2,1,5,adaptive_revelation,pre,R0,0,Absetzen,2563,2562,1292,1163,5251,1292,488,804,5759,1617,822,946,470,0.5040967616074912,0.9001547987616099,1.7503333333333333,0.43066666666666664,4.457430340557275,0.5083487940630798,0.49682875264270615
18,P0,2,1,5,adaptive_revelation,pre,R0,0,Scambiar di Punta,2563,2562,1236,1122,5078,1236,481,755,5446,1617,769,946,467,0.48224736636753807,0.9077669902912622,1.6926666666666668,0.412,4.406148867313916,0.47557204700061845,0.49365750528541225
18,P0,2,1,5,adaptive_revelation,pre,R0,0,Schielhau,2793,2792,2458,2212,6005,2458,259,419,11148,1821,1579,972,879,0.8800572860723237,0.8999186330349878,2.0016666666666665,0.8193333333333334,4.535394629780309,0.8671059857221307,0.904320987654321
18,P0,2,1,3,adaptive_revelation,pre,R0,0,Absetzen,2697,2638,1258,1123,5065,1258,533,725,3198,1635,782,1062,476,0.4664441972562106,0.8926868044515104,1.6883333333333332,0.41933333333333334,2.5421303656597773,0.4782874617737003,0.448210922787194
18,P0,2,1,3,adaptive_revelation,pre,R0,0,Scambiar di Punta,2697,2638,1309,1173,5341,1309,567,742,3332,1635,806,1062,503,0.4853540971449759,0.8961038961038961,1.7803333333333333,0.43633333333333335,2.5454545454545454,0.4929663608562691,0.4736346516007533
18,P0,2,1,3,adaptive_revelation,pre,R0,0,Schielhau,2725,2684,2153,1930,5718,2153,268,373,5796,1739,1389,986,764,0.7900917431192661,0.8964235949837436,1.906,0.7176666666666667,2.6920575940548073,0.7987349051178838,0.7748478701825557
18,P0,2,1,1,adaptive_revelation,pre,R0,0,Absetzen,2828,2223,965,861,3842,965,388,577,965,1603,625,1225,340,0.3412305516265912,0.8922279792746114,1.2806666666666666,0.32166666666666666,1.0,0.3898939488459139,0.27755102040816326
18,P0,2,1,1,adaptive_revelation,pre,R0,0,Scambiar di Punta,2828,2223,872,785,3517,872,381,491,872,1603,537,1225,335,0.30834512022630833,0.9002293577981652,1.1723333333333332,0.2906666666666667,1.0,0.33499688084840923,0.27346938775510204
18,P0,2,1,1,adaptive_revelation,pre,R0,0,Schielhau,3081,2579,969,887,3946,969,186,243,969,1786,560,1295,409,0.314508276533593,0.9153766769865841,1.3153333333333332,0.323,1.0,0.3135498320268757,0.31583011583011583
18,P1,0,0,8,adaptive_revelation,pre,R0,0,Absetzen,2322,2322,1142,1023,4559,0,288,854,9136,1688,841,634,301,0.491817398794143,0.8957968476357268,1.5196666666666667,0.0,8.0,0.4982227488151659,0.4747634069400631
18,P1,0,0,8,adaptive_revelation,pre,R0,0,Scambiar di Punta,2322,2322,1172,1040,4600,0,280,892,9376,1688,839,634,333,0.5047372954349698,0.8873720136518771,1.5333333333333334,0.0,8.0,0.49703791469194314,0.5252365930599369
18,P1,0,0,8,adaptive_revelation,pre,R0,0,Schielhau,2400,2400,2301,2096,5358,0,156,456,18408,1789,1707,611,594,0.95875,0.9109083007388092,1.786,0.0,8.0,0.9541643376187814,0.972176759410802
18,P1,0,0,5,adaptive_revelation,pre,R0,0,Absetzen,2322,2322,1148,1036,4544,0,268,880,5740,1685,823,637,325,0.49440137812230833,0.9024390243902439,1.5146666666666666,0.0,5.0,0.4884272997032641,0.5102040816326531
18,P1,0,0,5,adaptive_revelation,pre,R0,0,Scambiar di Punta,2322,2322,1170,1055,4806,0,264,906,5850,1685,859,637,311,0.5038759689922481,0.9017094017094017,1.602,0.0,5.0,0.5097922848664689,0.48822605965463106
18,P1,0,0,5,adaptive_revelation,pre,R0,0,Schielhau,2408,2408,2308,2082,5394,0,156,451,11540,1830,1746,578,562,0.9584717607973422,0.9020797227036396,1.798,0.0,5.0,0.9540983606557377,0.972318339100346
18,P1,0,0,3,adaptive_revelation,pre,R0,0,Absetzen,2309,2309,1161,1037,4591,0,314,847,3483,1656,845,653,316,0.5028150714595063,0.8931955211024979,1.5303333333333333,0.0,3.0,0.5102657004830918,0.48392036753445633
18,P1,0,0,3,adaptive_revelation,pre,R0,0,Scambiar di Punta,2309,2309,1140,1013,4481,0,273,867,3420,1656,805,653,335,0.49372022520571673,0.8885964912280702,1.4936666666666667,0.0,3.0,0.4861111111111111,0.5130168453292496
18,P1,0,0,3,adaptive_revelation,pre,R0,0,Schielhau,2432,2432,2300,2097,5747,0,156,443,6900,1869,1748,563,552,0.9457236842105263,0.9117391304347826,1.9156666666666666,0.0,3.0,0.9352594970572499,0.9804618117229129
18,P1,0,0,1,adaptive_revelation,pre,R0,0,Absetzen,2335,2335,1157,1035,4622,0,283,874,1157,1683,843,652,314,0.4955032119914347,0.8945548833189283,1.5406666666666666,0.0,1.0,0.5008912655971479,0.4815950920245399
18,P1,0,0,1,adaptive_revelation,pre,R0,0,Scambiar di Punta,2335,2335,1167,1062,4726,0,294,873,1167,1683,829,652,338,0.49978586723768736,0.910025706940874,1.5753333333333333,0.0,1.0,0.49257278669043375,0.5184049079754601
18,P1,0,0,1,adaptive_revelation,pre,R0,0,Schielhau,2404,2404,2297,2060,5293,0,143,469,2297,1818,1728,586,569,0.9554908485856906,0.8968219416630387,1.7643333333333333,0.0,1.0,0.9504950495049505,0.9709897610921502
18,P1,0,1,8,adaptive_revelation,pre,R0,0,Absetzen,2322,2322,1171,1065,4703,1171,301,870,9002,1648,819,674,352,0.5043066322136089,0.9094790777113578,1.5676666666666668,0.3903333333333333,7.687446626814689,0.4969660194174757,0.5222551928783383
18,P1,0,1,8,adaptive_revelation,pre,R0,0,Scambiar di Punta,2322,2322,1130,1012,4488,1130,284,846,8695,1648,810,674,320,0.48664944013781225,0.8955752212389381,1.496,0.37666666666666665,7.6946902654867255,0.49150485436893204,0.47477744807121663
18,P1,0,1,8,adaptive_revelation,pre,R0,0,Schielhau,2422,2422,2189,1975,5218,2189,173,431,17054,1846,1647,576,542,0.9037985136251032,0.9022384650525354,1.7393333333333334,0.7296666666666667,7.7907720420283235,0.8921993499458288,0.9409722222222222
18,P1,0,1,5,adaptive_revelation,pre,R0,0,Absetzen,2248,2248,1098,987,4450,1098,269,829,5155,1594,770,654,328,0.4884341637010676,0.8989071038251366,1.4833333333333334,0.366,4.694899817850637,0.48306148055207027,0.5015290519877675
18,P1,0,1,5,adaptive_revelation,pre,R0,0,Scambiar di Punta,2248,2248,1116,1003,4454,1116,281,835,5247,1594,795,654,321,0.49644128113879005,0.8987455197132617,1.4846666666666666,0.372,4.701612903225806,0.4987452948557089,0.4908256880733945
18,P1,0,1,5,adaptive_revelation,pre,R0,0,Schielhau,2533,2533,2247,2041,5314,2247,156,435,10730,1879,1645,654,602,0.8870904066324516,0.9083222073876279,1.7713333333333334,0.749,4.775255896751224,0.8754656732304418,0.9204892966360856
18,P1,0,1,3,adaptive_revelation,pre,R0,0,Absetzen,2277,2275,1103,984,4433,1103,288,815,2992,1642,805,635,298,0.484409310496267,0.8921124206708976,1.4776666666666667,0.36766666666666664,2.71260199456029,0.4902557856272838,0.4692913385826772
18,P1,0,1,3,adaptive_revelation,pre,R0,0,Scambiar di Punta,2277,2275,1144,1026,4568,1144,293,851,3094,1642,820,635,324,0.5024154589371981,0.8968531468531469,1.5226666666666666,0.38133333333333336,2.7045454545454546,0.4993909866017052,0.510236220472441
18,P1,0,1,3,adaptive_revelation,pre,R0,0,Schielhau,2477,2475,2092,1882,5072,2092,171,421,5833,1862,1567,615,525,0.8445700444085588,0.8996175908221797,1.6906666666666668,0.6973333333333334,2.788240917782027,0.8415682062298604,0.8536585365853658
18,P1,0,1,1,adaptive_revelation,pre,R0,0,Absetzen,2390,2000,826,759,3389,826,234,592,826,1640,601,750,225,0.34560669456066945,0.9188861985472155,1.1296666666666666,0.2753333333333333,1.0,0.36646341463414633,0.3
18,P1,0,1,1,adaptive_revelation,pre,R0,0,Scambiar di Punta,2390,2000,805,711,3136,805,245,560,805,1640,590,750,215,0.3368200836820084,0.8832298136645963,1.0453333333333332,0.2683333333333333,1.0,0.3597560975609756,0.2866666666666667
18,P1,0,1,1,adaptive_revelation,pre,R0,0,Schielhau,2602,2245,837,758,1981,837,117,264,837,1850,575,752,262,0.32167563412759415,0.9056152927120669,0.6603333333333333,0.279,1.0,0.3108108108108108,0.3484042553191489
18,P1,1,0,8,adaptive_revelation,pre,R0,0,Absetzen,2322,2322,1126,1014,4556,0,270,856,8791,1703,819,619,307,0.48492678725236865,0.9005328596802842,1.5186666666666666,0.0,7.80728241563055,0.48091603053435117,0.49596122778675283
18,P1,1,0,8,adaptive_revelation,pre,R0,0,Scambiar di Punta,2322,2322,1190,1077,4852,0,284,906,9307,1703,878,619,312,0.512489233419466,0.9050420168067227,1.6173333333333333,0.0,7.821008403361344,0.5155607751027599,0.5040387722132472
18,P1,1,0,8,adaptive_revelation,pre,R0,0,Schielhau,2338,2338,2231,1994,5339,0,147,445,17432,1746,1657,592,574,0.9542343883661248,0.8937696100403406,1.7796666666666667,0.0,7.81353653070372,0.9490263459335624,0.9695945945945946
18,P1,1,0,5,adaptive_revelation,pre,R0,0,Absetzen,2331,2331,1136,1009,4456,0,285,851,5467,1671,825,660,311,0.4873444873444873,0.8882042253521126,1.4853333333333334,0.0,4.8125,0.49371633752244165,0.4712121212121212
18,P1,1,0,5,adaptive_revelation,pre,R0,0,Scambiar di Punta,2331,2331,1187,1051,4832,0,282,905,5710,1671,838,660,349,0.5092235092235092,0.8854254422914911,1.6106666666666667,0.0,4.81044650379107,0.5014961101137043,0.5287878787878788
18,P1,1,0,5,adaptive_revelation,pre,R0,0,Schielhau,2403,2403,2309,2063,5215,0,167,426,11114,1827,1748,576,561,0.9608822305451519,0.8934603724556085,1.7383333333333333,0.0,4.813339107838892,0.956759715380405,0.9739583333333334
18,P1,1,0,3,adaptive_revelation,pre,R0,0,Absetzen,2315,2315,1145,1054,4675,0,294,851,3212,1683,818,632,327,0.4946004319654428,0.9205240174672489,1.5583333333333333,0.0,2.805240174672489,0.4860368389780155,0.5174050632911392
18,P1,1,0,3,adaptive_revelation,pre,R0,0,Scambiar di Punta,2315,2315,1165,1049,4696,0,279,886,3295,1683,861,632,304,0.5032397408207343,0.9004291845493563,1.5653333333333332,0.0,2.828326180257511,0.5115864527629234,0.4810126582278481
18,P1,1,0,3,adaptive_revelation,pre,R0,0,Schielhau,2459,2459,2353,2108,5673,0,168,445,6621,1817,1725,642,628,0.9568930459536397,0.8958776030599235,1.891,0.0,2.8138546536336593,0.9493670886075949,0.9781931464174455
18,P1,1,0,1,adaptive_revelation,pre,R0,0,Absetzen,2415,2415,1228,1109,4994,0,460,768,1055,1649,859,766,369,0.5084886128364389,0.9030944625407166,1.6646666666666667,0.0,0.8591205211726385,0.5209217707701638,0.48172323759791125
18,P1,1,0,1,adaptive_revelation,pre,R0,0,Scambiar di Punta,2415,2415,1177,1067,4725,0,458,719,1023,1649,781,766,396,0.48737060041407865,0.9065420560747663,1.575,0.0,0.8691588785046729,0.4736203759854457,0.5169712793733682
18,P1,1,0,1,adaptive_revelation,pre,R0,0,Schielhau,2504,2504,2409,2170,6667,0,218,353,2077,1759,1686,745,723,0.9620607028753994,0.9007887090078871,2.2223333333333333,0.0,0.8621834786218348,0.9584991472427515,0.9704697986577181
18,P1,1,1,8,adaptive_revelation,pre,R0,0,Absetzen,2297,2297,1157,1042,4798,1157,299,858,8660,1653,846,644,311,0.5037004788855028,0.9006050129645635,1.5993333333333333,0.38566666666666666,7.484874675885912,0.5117967332123412,0.4829192546583851
18,P1,1,1,8,adaptive_revelation,pre,R0,0,Scambiar di Punta,2297,2297,1120,1018,4555,1120,300,820,8357,1653,789,644,331,0.48759251197213754,0.9089285714285714,1.5183333333333333,0.37333333333333335,7.461607142857143,0.47731397459165154,0.5139751552795031
18,P1,1,1,8,adaptive_revelation,pre,R0,0,Schielhau,2419,2419,2218,2017,5384,2218,151,485,16850,1840,1681,579,537,0.9169078131459281,0.9093778178539225,1.7946666666666666,0.7393333333333333,7.596934174932372,0.9135869565217392,0.927461139896373
18,P1,1,1,5,adaptive_revelation,pre,R0,0,Absetzen,2355,2355,1219,1102,4994,1219,320,899,5499,1699,880,656,339,0.5176220806794055,0.904019688269073,1.6646666666666667,0.4063333333333333,4.511074651353568,0.5179517363154797,0.5167682926829268
18,P1,1,1,5,adaptive_revelation,pre,R0,0,Scambiar di Punta,2355,2355,1110,1001,4505,1110,278,832,5036,1699,796,656,314,0.4713375796178344,0.9018018018018018,1.5016666666666667,0.37,4.536936936936937,0.468510888758093,0.47865853658536583
18,P1,1,1,5,adaptive_revelation,pre,R0,0,Schielhau,2429,2429,2164,1962,5184,2164,162,435,9922,1805,1593,624,571,0.890901605599012,0.9066543438077634,1.728,0.7213333333333334,4.585027726432532,0.8825484764542936,0.9150641025641025
18,P1,1,1,3,adaptive_revelation,pre,R0,0,Absetzen,2237,2216,1086,976,4424,1086,278,808,2752,1589,772,648,314,0.4854716137684399,0.8987108655616943,1.4746666666666666,0.362,2.534069981583794,0.4858401510383889,0.4845679012345679
18,P1,1,1,3,adaptive_revelation,pre,R0,0,Scambiar di Punta,2237,2216,1090,993,4500,1090,292,798,2795,1589,792,648,298,0.48725972284309343,0.9110091743119266,1.5,0.36333333333333334,2.5642201834862384,0.4984266834487099,0.45987654320987653
18,P1,1,1,3,adaptive_revelation,pre,R0,0,Schielhau,2523,2512,2086,1877,4907,2086,173,441,5524,1876,1571,647,515,0.8267934998018233,0.8998082454458294,1.6356666666666666,0.6953333333333334,2.648130393096836,0.8374200426439232,0.7959814528593508
18,P1,1,1,1,adaptive_revelation,pre,R0,0,Absetzen,2619,1834,709,636,2864,709,270,439,709,1633,542,986,167,0.2707140129820542,0.8970380818053597,0.9546666666666667,0.23633333333333334,1.0,0.33190447030006126,0.16937119675456389
18,P1,1,1,1,adaptive_revelation,pre,R0,0,Scambiar di Punta,2619,1834,751,665,2924,751,293,458,751,1633,557,986,194,0.28675066819396716,0.8854860186418109,0.9746666666666667,0.25033333333333335,1.0,0.34109001837109615,0.19675456389452334
18,P1,1,1,1,adaptive_revelation,pre,R0,0,Schielhau,2988,2157,801,711,2351,801,153,207,801,1867,575,1121,226,0.2680722891566265,0.8876404494382022,0.7836666666666666,0.267,1.0,0.30798071772897695,0.2016057091882248
18,P1,2,0,8,adaptive_revelation,pre,R0,0,Absetzen,2323,2323,1155,1041,4791,0,321,834,8816,1671,845,652,310,0.49720189410245375,0.9012987012987013,1.597,0.0,7.632900432900433,0.5056852184320766,0.4754601226993865
18,P1,2,0,8,adaptive_revelation,pre,R0,0,Scambiar di Punta,2323,2323,1162,1056,4745,0,278,884,8860,1671,820,652,342,0.5002152389151958,0.9087779690189329,1.5816666666666668,0.0,7.6247848537005165,0.4907241172950329,0.5245398773006135
18,P1,2,0,8,adaptive_revelation,pre,R0,0,Schielhau,2422,2422,2339,2101,5823,0,164,457,17900,1838,1761,584,578,0.9657308009909166,0.8982471141513467,1.941,0.0,7.652843095339889,0.9581066376496191,0.9897260273972602
18,P1,2,0,5,adaptive_revelation,pre,R0,0,Absetzen,2248,2248,1148,1005,4514,0,288,860,5324,1578,806,670,342,0.5106761565836299,0.8754355400696864,1.5046666666666666,0.0,4.637630662020906,0.5107731305449936,0.5104477611940299
18,P1,2,0,5,adaptive_revelation,pre,R0,0,Scambiar di Punta,2248,2248,1091,975,4398,0,312,779,5119,1578,764,670,327,0.4853202846975089,0.8936755270394133,1.466,0.0,4.692025664527956,0.4841571609632446,0.4880597014925373
18,P1,2,0,5,adaptive_revelation,pre,R0,0,Schielhau,2414,2414,2313,2094,5499,0,149,434,10825,1862,1772,552,541,0.9581607290803645,0.9053177691309987,1.833,0.0,4.680069174232599,0.9516648764769066,0.980072463768116
18,P1,2,0,3,adaptive_revelation,pre,R0,0,Absetzen,2441,2441,1198,1072,4789,0,496,702,3220,1691,812,750,386,0.4907824662023761,0.8948247078464107,1.5963333333333334,0.0,2.687813021702838,0.48018923713778827,0.5146666666666667
18,P1,2,0,3,adaptive_revelation,pre,R0,0,Scambiar di Punta,2441,2441,1233,1118,5032,0,467,766,3305,1691,870,750,363,0.5051208521097911,0.9067315490673155,1.6773333333333333,0.0,2.680454176804542,0.514488468361916,0.484
18,P1,2,0,3,adaptive_revelation,pre,R0,0,Schielhau,2545,2545,2435,2192,6689,0,240,393,6531,1835,1738,710,697,0.9567779960707269,0.9002053388090349,2.2296666666666667,0.0,2.682135523613963,0.9471389645776567,0.9816901408450704
18,P1,2,0,1,adaptive_revelation,pre,R0,0,Absetzen,2613,2613,1268,1138,5151,0,505,763,1268,1694,810,919,458,0.4852659778032912,0.8974763406940063,1.717,0.0,1.0,0.4781582054309327,0.49836779107725787
18,P1,2,0,1,adaptive_revelation,pre,R0,0,Scambiar di Punta,2613,2613,1336,1203,5446,0,522,814,1336,1694,876,919,460,0.5112897053195561,0.9004491017964071,1.8153333333333332,0.0,1.0,0.5171192443919717,0.500544069640914
18,P1,2,0,1,adaptive_revelation,pre,R0,0,Schielhau,2659,2659,2544,2305,10237,0,277,357,2544,1761,1674,898,870,0.9567506581421588,0.9060534591194969,3.412333333333333,0.0,1.0,0.9505962521294719,0.9688195991091314
18,P1,2,1,8,adaptive_revelation,pre,R0,0,Absetzen,2313,2313,1146,1033,4702,1146,312,834,8391,1676,830,637,316,0.49546044098573283,0.9013961605584643,1.5673333333333332,0.382,7.321989528795812,0.49522673031026254,0.49607535321821034
18,P1,2,1,8,adaptive_revelation,pre,R0,0,Scambiar di Punta,2313,2313,1146,1043,4670,1146,283,863,8368,1676,825,637,321,0.49546044098573283,0.9101221640488656,1.5566666666666666,0.382,7.301919720767888,0.4922434367541766,0.5039246467817896
18,P1,2,1,8,adaptive_revelation,pre,R0,0,Schielhau,2427,2427,2215,1967,5201,2215,157,436,16465,1837,1664,590,551,0.9126493613514627,0.8880361173814898,1.7336666666666667,0.7383333333333333,7.433408577878104,0.9058247142079477,0.9338983050847458
18,P1,2,1,5,adaptive_revelation,pre,R0,0,Absetzen,2251,2249,1112,1017,4575,1112,271,841,4841,1630,806,621,306,0.494002665482008,0.914568345323741,1.525,0.37066666666666664,4.3534172661870505,0.49447852760736194,0.4927536231884058
18,P1,2,1,5,adaptive_revelation,pre,R0,0,Scambiar di Punta,2251,2249,1113,990,4464,1113,300,813,4886,1630,807,621,306,0.4944469124833407,0.889487870619946,1.488,0.371,4.389937106918239,0.4950920245398773,0.4927536231884058
18,P1,2,1,5,adaptive_revelation,pre,R0,0,Schielhau,2431,2430,2149,1943,5314,2149,162,420,9608,1797,1582,634,567,0.8839983545865899,0.9041414611447185,1.7713333333333334,0.7163333333333334,4.470916705444393,0.8803561491374513,0.8943217665615142
18,P1,2,1,3,adaptive_revelation,pre,R0,0,Absetzen,2399,2310,1100,985,4350,1100,444,656,2751,1595,787,804,313,0.45852438516048355,0.8954545454545455,1.45,0.36666666666666664,2.500909090909091,0.4934169278996865,0.38930348258706465
18,P1,2,1,3,adaptive_revelation,pre,R0,0,Scambiar di Punta,2399,2310,1119,997,4436,1119,448,671,2742,1595,747,804,372,0.4664443518132555,0.8909740840035746,1.4786666666666666,0.373,2.450402144772118,0.4683385579937304,0.4626865671641791
18,P1,2,1,3,adaptive_revelation,pre,R0,0,Schielhau,2629,2562,2022,1816,5602,2022,234,360,5325,1828,1485,801,537,0.7691137314568277,0.8981206726013847,1.8673333333333333,0.674,2.6335311572700295,0.812363238512035,0.6704119850187266
18,P1,2,1,1,adaptive_revelation,pre,R0,0,Absetzen,2740,2189,854,762,3500,854,352,502,854,1611,542,1129,312,0.3116788321167883,0.892271662763466,1.1666666666666667,0.2846666666666667,1.0,0.33643699565487273,0.2763507528786537
18,P1,2,1,1,adaptive_revelation,pre,R0,0,Scambiar di Punta,2740,2189,918,815,3677,918,382,536,918,1611,621,1129,297,0.335036496350365,0.8877995642701525,1.2256666666666667,0.306,1.0,0.3854748603351955,0.2630646589902569
18,P1,2,1,1,adaptive_revelation,pre,R0,0,Schielhau,3130,2596,991,895,3905,991,217,248,991,1847,573,1283,418,0.31661341853035146,0.9031281533804238,1.3016666666666667,0.3303333333333333,1.0,0.31023280996210073,0.32579890880748247
