skill,parry,durch_cost,compound_cost,start_spiritus,information,timing,recovery,future_fights,basic_parry_declarations_per_fight,basic_parry_after_known_per_fight,basic_parry_after_known_opportunity_rate,basic_parry_defensive_opportunity_rate,basic_parry_success_rate_when_rolled,parry_interruption_rate,parry_durch_decline_fraction,durch_declaration_rate,durch_decline_rate,durch_success_rate,durch_damage_per_fight,durch_spiritus_per_fight,compound_spiritus_per_fight,total_spiritus_per_fight,mean_end_spiritus_per_combatant,end_at_0_rate,end_at_1_2_rate,unused_spirit_at_defeat_mean,allow_parry_hit_chance_mean,durch_success_chance_mean,accepted_actor_spirit_mean,accepted_opponent_spirit_mean,declined_actor_spirit_mean,declined_opponent_spirit_mean
10,P0,0,0,8,adaptive_revelation,pre,R0,0,0.37433333333333335,0.017666666666666667,0.16510903426791276,0.19040352661919294,0.4870881567230632,0.0,0.0,0.8667334669338678,0.13326653306613226,0.24624277456647398,0.312,0.0,0.0,0.0,8.0,0.0,0.0,8.0,0.0,0.2531213872832373,8.0,8.0,8.0,8.0
10,P0,0,0,5,adaptive_revelation,pre,R0,0,0.36466666666666664,0.023,0.22847682119205298,0.18371116708648194,0.5045703839122486,0.0,0.0,0.8787575150300602,0.12124248496993988,0.23033067274800456,0.3,0.0,0.0,0.0,5.0,0.0,0.0,5.0,0.0,0.2481185860889393,5.0,5.0,5.0,5.0
10,P0,0,0,3,adaptive_revelation,pre,R0,0,0.393,0.018333333333333333,0.19572953736654805,0.19748743718592965,0.4817642069550466,0.0,0.0,0.8548864758144127,0.14511352418558737,0.25057736720554274,0.33066666666666666,0.0,0.0,0.0,3.0,0.0,0.0,3.0,0.0,0.25386836027713644,3.0,3.0,3.0,3.0
10,P0,0,0,1,adaptive_revelation,pre,R0,0,0.3883333333333333,0.023666666666666666,0.24398625429553264,0.1957983193277311,0.4858369098712446,0.0,0.0,0.8622087132725431,0.13779128672745694,0.2608695652173913,0.3313333333333333,0.0,0.0,0.0,1.0,0.0,1.0,1.0,0.0,0.24435957696827285,1.0,1.0,1.0,1.0
10,P0,0,1,8,adaptive_revelation,pre,R0,0,0.437,0.023333333333333334,0.2491103202846975,0.21334418226200164,0.5087719298245614,0.0,0.0,0.8832951945080092,0.11670480549199085,0.25,0.28633333333333333,0.0,1.099,1.099,7.4505,0.0,0.0,7.429776192020759,0.0,0.24831606217616586,7.799222797927461,6.831606217616581,7.813725490196078,6.862745098039215
10,P0,0,1,5,adaptive_revelation,pre,R0,0,0.423,0.018,0.23275862068965517,0.21563296516567546,0.49014972419227737,0.0,0.0,0.8835443037974684,0.11645569620253164,0.2335243553008596,0.23766666666666666,0.0,1.0053333333333334,1.0053333333333334,4.497333333333334,0.0,0.004166666666666667,4.482825664290344,0.0,0.2356733524355299,4.800859598853868,3.839541547277937,4.891304347826087,3.858695652173913
10,P0,0,1,3,adaptive_revelation,pre,R0,0,0.4746666666666667,0.021333333333333333,0.2782608695652174,0.23306055646481177,0.5196629213483146,0.0,0.0,0.8856749311294766,0.11432506887052342,0.24261275272161742,0.24,0.0,0.9633333333333334,0.9633333333333334,2.5183333333333335,0.0021666666666666666,0.4095,2.479909267660402,0.0,0.26111975116640734,2.7636080870917574,1.8786936236391913,2.783132530120482,1.9156626506024097
10,P0,0,1,1,adaptive_revelation,pre,R0,0,0.749,0.005333333333333333,0.5517241379310345,0.3612540192926045,0.5046728971962616,0.0,0.0,0.8835616438356164,0.11643835616438356,0.20930232558139536,0.04133333333333333,0.0,0.2806666666666667,0.2806666666666667,0.8596666666666667,0.14033333333333334,0.8596666666666667,0.8509891512444161,0.0,0.23488372093023255,0.9457364341085271,0.0,1.0,0.0
10,P0,1,0,8,adaptive_revelation,pre,R0,0,0.375,0.021333333333333333,0.24060150375939848,0.18768768768768768,0.49955555555555553,0.0,0.0,0.7647657841140529,0.23523421588594703,0.2796271637816245,0.30933333333333335,0.25033333333333335,0.0,0.25033333333333335,7.874833333333333,0.0,0.0,7.840103997400065,0.0,0.27183754993342196,7.970705725699068,7.958721704394141,7.987012987012987,7.9437229437229435
10,P0,1,0,5,adaptive_revelation,pre,R0,0,0.3913333333333333,0.018666666666666668,0.23931623931623933,0.19834431491806048,0.514480408858603,0.0,0.0,0.7463617463617463,0.25363825363825365,0.26740947075208915,0.277,0.23933333333333334,0.0,0.23933333333333334,4.880333333333334,0.0,0.0,4.851682456713492,0.0,0.26984679665738165,4.9735376044568245,4.9484679665738165,4.963114754098361,4.959016393442623
10,P0,1,0,3,adaptive_revelation,pre,R0,0,0.395,0.019333333333333334,0.21014492753623187,0.19726985183952056,0.49451476793248944,0.0,0.0,0.7262512768130746,0.27374872318692545,0.2742616033755274,0.281,0.237,0.0,0.237,2.8815,0.0,0.115,2.849705304518664,0.0,0.28080168776371267,2.970464135021097,2.9535864978902953,2.970149253731343,2.970149253731343
10,P0,1,0,1,adaptive_revelation,pre,R0,0,0.37766666666666665,0.008333333333333333,0.20833333333333334,0.1900369003690037,0.49338040600176525,0.0,0.0,0.34915924826904055,0.6508407517309595,0.3002832861189802,0.15366666666666667,0.11766666666666667,0.0,0.11766666666666667,0.9411666666666667,0.058833333333333335,0.9411666666666667,0.9287564766839378,0.0,0.3488668555240798,1.0,0.9688385269121813,0.9787234042553191,0.9848024316109423
10,P0,1,1,8,adaptive_revelation,pre,R0,0,0.437,0.012666666666666666,0.18269230769230768,0.21566047047211712,0.501906941266209,0.0,0.0,0.7659574468085106,0.23404255319148937,0.2638888888888889,0.25433333333333336,0.216,1.0753333333333333,1.2913333333333334,7.354333333333333,0.0,0.0,7.306869734283863,0.0,0.26936728395061726,7.780864197530864,6.782407407407407,7.813131313131313,6.848484848484849
10,P0,1,1,5,adaptive_revelation,pre,R0,0,0.4533333333333333,0.017,0.22767857142857142,0.22678005669501416,0.5036764705882353,0.0,0.0,0.7449238578680203,0.2550761421319797,0.29642248722316866,0.26,0.19566666666666666,1.0223333333333333,1.218,4.391,0.0,0.011833333333333333,4.323156869113348,0.0,0.27189097103918214,4.756388415672913,3.7921635434412266,4.791044776119403,3.8208955223880596
10,P0,1,1,3,adaptive_revelation,pre,R0,0,0.46266666666666667,0.014333333333333333,0.28289473684210525,0.23160353746037043,0.4899135446685879,0.0,0.0,0.7104913678618858,0.28950863213811423,0.308411214953271,0.25166666666666665,0.17833333333333334,0.9373333333333334,1.1156666666666666,2.4421666666666666,0.004666666666666667,0.4598333333333333,2.3980551053484604,0.0,0.2719626168224299,2.822429906542056,1.8485981308411215,2.770642201834862,1.8440366972477065
10,P0,1,1,1,adaptive_revelation,pre,R0,0,0.771,0.003,0.6428571428571429,0.3655761024182077,0.48119325551232167,0.0,0.0,0.36,0.64,0.2037037037037037,0.017333333333333333,0.018,0.2743333333333333,0.29233333333333333,0.8538333333333333,0.14616666666666667,0.8538333333333333,0.8479438954415046,0.0,0.34074074074074073,1.0,0.0,0.9166666666666666,0.0
10,P0,2,0,8,adaptive_revelation,pre,R0,0,0.394,0.012666666666666666,0.1958762886597938,0.20067911714770797,0.48815566835871405,0.0,0.0,0.6313559322033898,0.3686440677966102,0.24496644295302014,0.222,0.3973333333333333,0.0,0.3973333333333333,7.801333333333333,0.0,0.0,7.74656188605108,0.0,0.2823825503355704,7.973154362416107,7.906040268456376,7.936781609195402,7.936781609195402
10,P0,2,0,5,adaptive_revelation,pre,R0,0,0.37833333333333335,0.013,0.19696969696969696,0.18800728838827233,0.4845814977973568,0.0,0.0,0.6111111111111112,0.3888888888888889,0.2743801652892562,0.23366666666666666,0.4033333333333333,0.0,0.4033333333333333,4.798333333333333,0.0,0.0016666666666666668,4.735898271926964,0.0,0.29214876033057824,4.966942148760331,4.907438016528926,4.963636363636364,4.937662337662338
10,P0,2,0,3,adaptive_revelation,pre,R0,0,0.392,0.013666666666666667,0.27702702702702703,0.19541375872382852,0.4965986394557823,0.0,0.0,0.4738430583501006,0.5261569416498993,0.31634819532908703,0.218,0.314,0.0,0.314,2.843,0.0,0.0785,2.8051650866296174,0.0,0.3162420382165607,3.0,2.9447983014861996,2.950286806883365,2.94263862332696
10,P0,2,0,1,adaptive_revelation,pre,R0,0,0.38766666666666666,0.0,0.0,0.1961214165261383,0.49097162510748066,0.0,0.0,0.0,1.0,0.0,0.0,0.0,0.0,0.0,1.0,0.0,1.0,1.0,0.0,0.0,0.0,0.0,1.0,1.0
10,P0,2,1,8,adaptive_revelation,pre,R0,0,0.42733333333333334,0.015,0.2556818181818182,0.21352431712191872,0.5132605304212169,0.0,0.0,0.6882494004796164,0.3117505995203837,0.2979094076655052,0.25066666666666665,0.38266666666666665,1.0713333333333332,1.454,7.273,0.0,0.0,7.18951481602084,0.0,0.28963414634146334,7.710801393728223,6.7665505226480835,7.753846153846154,6.765384615384615
10,P0,2,1,5,adaptive_revelation,pre,R0,0,0.451,0.01,0.18633540372670807,0.22546242292951174,0.5188470066518847,0.0,0.0,0.6009791921664627,0.3990208078335373,0.29327902240325865,0.21733333333333332,0.3273333333333333,1.0436666666666667,1.371,4.3145,0.00016666666666666666,0.0355,4.262833008447044,0.0,0.3051934826883909,4.755600814663951,3.7780040733197557,4.757668711656442,3.8067484662576687
10,P0,2,1,3,adaptive_revelation,pre,R0,0,0.491,0.009,0.23684210526315788,0.24379344587884808,0.4908350305498982,0.0,0.0,0.44542772861356933,0.5545722713864307,0.33112582781456956,0.147,0.20133333333333334,0.9436666666666667,1.145,2.4275,0.006833333333333334,0.44033333333333335,2.3875040466170283,0.0,0.3223509933774837,2.933774834437086,1.880794701986755,2.6835106382978724,1.8563829787234043
10,P0,2,1,1,adaptive_revelation,pre,R0,0,0.7606666666666667,0.0,0.0,0.3664686044644291,0.5113935144609991,0.0,0.0,0.0,1.0,0.0,0.0,0.0,0.27266666666666667,0.27266666666666667,0.8636666666666667,0.13633333333333333,0.8636666666666667,0.8636073932441045,0.0,0.0,0.0,0.0,0.9403973509933775,0.0
10,P1,0,0,8,adaptive_revelation,pre,R0,0,0.393,0.03966666666666667,0.2199630314232902,0.19712422671794014,0.5063694267515924,0.4673452078032231,0.5326547921967769,0.6489661654135338,0.35103383458646614,0.3555394641564084,0.7226666666666667,0.0,0.0,0.0,8.0,0.0,0.0,8.0,0.5,0.39315579890492763,8.0,8.0,8.0,8.0
10,P1,0,0,5,adaptive_revelation,pre,R0,0,0.38533333333333336,0.044333333333333336,0.2289156626506024,0.19221815763219155,0.49585406301824214,0.47837370242214533,0.5216262975778547,0.658570761326483,0.34142923867351704,0.32056737588652484,0.6963333333333334,0.0,0.0,0.0,5.0,0.0,0.0,5.0,0.5,0.39232488822652767,5.0,5.0,5.0,5.0
10,P1,0,0,3,adaptive_revelation,pre,R0,0,0.39966666666666667,0.03833333333333333,0.20318021201413428,0.20030070163715336,0.4482758620689655,0.5162635529608006,0.4837364470391993,0.6758012076172782,0.32419879238272176,0.3642611683848797,0.8026666666666666,0.0,0.0,0.0,3.0,0.0,0.0,3.0,0.5,0.39621621621621683,3.0,3.0,3.0,3.0
10,P1,0,0,1,adaptive_revelation,pre,R0,0,0.36666666666666664,0.03833333333333333,0.20353982300884957,0.1854036743637283,0.49256505576208176,0.5109090909090909,0.4890909090909091,0.681104236078058,0.3188957639219419,0.36617749825296997,0.7803333333333333,0.0,0.0,0.0,1.0,0.0,1.0,1.0,0.5,0.3888776028440838,1.0,1.0,1.0,1.0
10,P1,0,1,8,adaptive_revelation,pre,R0,0,0.427,0.049,0.24540901502504173,0.20846216436126933,0.5333333333333333,0.47306791569086654,0.5269320843091335,0.6335773101555352,0.3664226898444648,0.3364620938628159,0.7183333333333334,0.0,1.099,1.099,7.4505,0.0,0.0,7.431633647288081,0.5,0.4049029126213595,7.816606498194946,7.226714801444043,7.802746566791511,7.591760299625468
10,P1,0,1,5,adaptive_revelation,pre,R0,0,0.4593333333333333,0.048666666666666664,0.2621184919210054,0.22501632919660353,0.5196629213483146,0.4833091436865022,0.5166908563134979,0.6304736371760501,0.36952636282394996,0.36073706591070165,0.7806666666666666,0.0,1.053,1.053,4.4735,0.0,0.008166666666666666,4.456408588158751,0.5,0.4144606688648139,4.800141743444366,4.289865343727852,4.81136638452237,4.648125755743652
10,P1,0,1,3,adaptive_revelation,pre,R0,0,0.4653333333333333,0.04933333333333333,0.26287744227353466,0.22706571242680545,0.5022556390977444,0.5236389684813754,0.47636103151862463,0.6406906206252917,0.35930937937470836,0.3663510560815732,0.748,0.0,0.9876666666666667,0.9876666666666667,2.5061666666666667,0.0028333333333333335,0.4136666666666667,2.4848878778030548,0.5,0.41692836113837145,2.823015294974508,2.3605243991260014,2.8155844155844156,2.6844155844155844
10,P1,0,1,1,adaptive_revelation,pre,R0,0,0.8063333333333333,0.088,0.38372093023255816,0.37416860015467907,0.4939073923639318,0.49111202976436547,0.5088879702356346,0.5123094958968347,0.4876905041031653,0.482837528604119,0.9673333333333334,0.0,0.2833333333333333,0.2833333333333333,0.8583333333333333,0.14166666666666666,0.8583333333333333,0.8497772119669,0.5,0.48798190401258873,0.9473684210526315,0.8619374523264683,0.9447115384615384,0.9302884615384616
10,P1,1,0,8,adaptive_revelation,pre,R0,0,0.39666666666666667,0.033,0.2391304347826087,0.1975103734439834,0.513189448441247,0.2991596638655462,0.7008403361344537,0.5117813383600377,0.4882186616399623,0.3443830570902394,0.5553333333333333,0.362,0.0,0.362,7.819,0.0,0.0,7.813537260006508,0.5,0.41065104166666716,7.933701657458563,7.9097605893186005,7.926640926640927,7.934362934362935
10,P1,1,0,5,adaptive_revelation,pre,R0,0,0.38466666666666666,0.028333333333333332,0.2236842105263158,0.193916988741388,0.5131128848346637,0.24003466204506066,0.7599653379549394,0.4629277566539924,0.5370722433460076,0.3182751540041068,0.49266666666666664,0.32466666666666666,0.0,0.32466666666666666,4.837666666666666,0.0,0.00016666666666666666,4.818447547905164,0.5,0.41377633711507283,4.936344969199179,4.936344969199179,4.931858407079646,4.93716814159292
10,P1,1,0,3,adaptive_revelation,pre,R0,0,0.38766666666666666,0.02666666666666667,0.2127659574468085,0.19438408825004178,0.5091693635382956,0.20292347377472056,0.7970765262252795,0.4464875058934465,0.5535124941065536,0.3199577613516367,0.449,0.31566666666666665,0.0,0.31566666666666665,2.8421666666666665,0.0,0.1515,2.8237597911227152,0.5,0.41611526147278566,2.9598732840549102,2.938753959873284,2.9156729131175467,2.9318568994889267
10,P1,1,0,1,adaptive_revelation,pre,R0,0,0.375,0.007333333333333333,0.18333333333333332,0.1910665760869565,0.5040723981900452,0.017777777777777778,0.9822222222222222,0.16571155682903535,0.8342884431709646,0.31412103746397696,0.152,0.11566666666666667,0.0,0.11566666666666667,0.9421666666666667,0.057833333333333334,0.9421666666666667,0.9337016574585635,0.5,0.4639462809917357,1.0,0.9711815561959655,0.9834001144819691,0.9748139668002289
10,P1,1,1,8,adaptive_revelation,pre,R0,0,0.42533333333333334,0.026333333333333334,0.2036082474226804,0.2108742356635267,0.48287292817679556,0.2907523510971787,0.7092476489028213,0.47760467380720545,0.5223953261927945,0.363914373088685,0.527,0.327,1.0816666666666668,1.4086666666666667,7.2956666666666665,0.0,0.0,7.2592592592592595,0.5,0.42629904559915155,7.716615698267074,7.121304791029561,7.75955265610438,7.591798695246971
10,P1,1,1,5,adaptive_revelation,pre,R0,0,0.43866666666666665,0.030333333333333334,0.23037974683544304,0.21984630805212163,0.494,0.24012158054711247,0.7598784194528876,0.4454209065679926,0.5545790934320074,0.35202492211838005,0.5096666666666667,0.321,1.0356666666666667,1.3566666666666667,4.321666666666666,0.00016666666666666666,0.017333333333333333,4.289371354504213,0.5,0.42363728986245547,4.769470404984424,4.083073727933541,4.754795663052544,4.585487906588824
10,P1,1,1,3,adaptive_revelation,pre,R0,0,0.47533333333333333,0.033,0.3,0.23810318918016363,0.4892519346517627,0.1844319775596073,0.8155680224403927,0.34656702475478746,0.6534329752452125,0.36792452830188677,0.3923333333333333,0.24733333333333332,0.9426666666666667,1.19,2.405,0.005,0.48033333333333333,2.3690861957226184,0.5,0.44349081364829435,2.81266846361186,2.1778975741239894,2.741243745532523,2.5761258041458186
10,P1,1,1,1,adaptive_revelation,pre,R0,0,0.789,0.005666666666666667,0.5151515151515151,0.3750594200602123,0.515450643776824,0.01563160118293198,0.9843683988170681,0.031426269137792104,0.9685737308622079,0.3076923076923077,0.04066666666666666,0.026,0.25266666666666665,0.2786666666666667,0.8606666666666667,0.13933333333333334,0.8606666666666667,0.8540402427339508,0.5,0.4973629568106312,1.0,0.41025641025641024,0.947171381031614,0.9193011647254575
10,P1,2,0,8,adaptive_revelation,pre,R0,0,0.37266666666666665,0.020666666666666667,0.22627737226277372,0.18907491966852696,0.4891640866873065,0.13327370304114491,0.8667262969588551,0.36555023923444974,0.6344497607655503,0.3219895287958115,0.36233333333333334,0.5093333333333333,0.0,0.5093333333333333,7.745333333333333,0.0,0.0,7.704907377315567,0.5,0.42374495095210624,7.9267015706806285,7.884816753926701,7.891402714932127,7.901960784313726
10,P1,2,0,5,adaptive_revelation,pre,R0,0,0.38666666666666666,0.026333333333333334,0.2677966101694915,0.19281914893617022,0.5256653992395437,0.09310344827586207,0.906896551724138,0.333024548402038,0.666975451597962,0.34909596662030595,0.393,0.47933333333333333,0.0,0.47933333333333333,4.7603333333333335,0.0,0.0035,4.726772418258336,0.5,0.42795031055900645,4.941585535465925,4.866481223922114,4.865277777777778,4.905555555555556
10,P1,2,0,3,adaptive_revelation,pre,R0,0,0.37933333333333336,0.012666666666666666,0.20994475138121546,0.19081153588195843,0.4967741935483871,0.04657293497363796,0.953427065026362,0.23892100192678228,0.7610789980732178,0.3225806451612903,0.23966666666666667,0.33066666666666666,0.0,0.33066666666666666,2.8346666666666667,0.0,0.08266666666666667,2.8037169872839907,0.5,0.448956356736243,3.0,2.931451612903226,2.9227848101265823,2.9430379746835444
10,P1,2,0,1,adaptive_revelation,pre,R0,0,0.37866666666666665,0.0,0.0,0.19182708544410673,0.5264084507042254,0.0,1.0,0.0,1.0,0.0,0.0,0.0,0.0,0.0,1.0,0.0,1.0,1.0,0.5,0.5,0.0,0.0,1.0,1.0
10,P1,2,1,8,adaptive_revelation,pre,R0,0,0.418,0.023,0.2262295081967213,0.20927903871829107,0.5174693106704438,0.15550239234449761,0.8444976076555024,0.36020744931636023,0.6397925506836398,0.33638743455497383,0.38866666666666666,0.5093333333333333,1.0756666666666668,1.585,7.2075,0.0,0.0006666666666666666,7.158560311284047,0.5,0.43354360943499703,7.696335078534031,6.9960732984293195,7.709653647752395,7.488577745025792
10,P1,2,1,5,adaptive_revelation,pre,R0,0,0.45766666666666667,0.017333333333333333,0.23423423423423423,0.22724263488910956,0.4927536231884058,0.09541150764748725,0.9045884923525127,0.2673594709494568,0.7326405290505432,0.35335689045936397,0.296,0.37733333333333335,1.0336666666666667,1.411,4.2945,0.0006666666666666666,0.041,4.262305699481865,0.5,0.4507743362831854,4.754416961130742,3.987632508833922,4.718891038039974,4.5177304964539005
10,P1,2,1,3,adaptive_revelation,pre,R0,0,0.4756666666666667,0.012,0.2608695652173913,0.2347811780190852,0.5007278020378457,0.03714085494043448,0.9628591450595655,0.16565562295846945,0.8343443770415305,0.36338028169014086,0.19566666666666666,0.23666666666666666,0.9373333333333334,1.174,2.413,0.010166666666666666,0.44383333333333336,2.385237941081256,0.5,0.4704453441295548,2.923943661971831,2.028169014084507,2.7421700223713645,2.5425055928411635
10,P1,2,1,1,adaptive_revelation,pre,R0,0,0.773,0.0,0.0,0.3651393481341521,0.5023717119448038,0.0,1.0,0.0,1.0,0.0,0.0,0.0,0.293,0.293,0.8535,0.1465,0.8535,0.8535805626598465,0.5,0.5,0.0,0.0,0.954417103670835,0.8838241226300928
14,P0,0,0,8,adaptive_revelation,pre,R0,0,0.44966666666666666,0.051333333333333335,0.24561403508771928,0.19181003839044505,0.7079318013343218,0.0,0.0,0.9022653721682848,0.09773462783171522,0.366571018651363,0.7583333333333333,0.0,0.0,0.0,8.0,0.0,0.0,8.0,0.0,0.34953371592539567,8.0,8.0,8.0,8.0
14,P0,0,0,5,adaptive_revelation,pre,R0,0,0.437,0.03866666666666667,0.19863013698630136,0.18882327524125017,0.6910755148741419,0.0,0.0,0.9062901155327343,0.09370988446726572,0.33640226628895187,0.7246666666666667,0.0,0.0,0.0,5.0,0.0,0.0,5.0,0.0,0.3458923512747884,5.0,5.0,5.0,5.0
14,P0,0,0,3,adaptive_revelation,pre,R0,0,0.4676666666666667,0.04666666666666667,0.24054982817869416,0.20227797001153403,0.7099073414112615,0.0,0.0,0.9024390243902439,0.0975609756097561,0.36376917457998537,0.7383333333333333,0.0,0.0,0.0,3.0,0.0,0.0,3.0,0.0,0.35657414170927737,3.0,3.0,3.0,3.0
14,P0,0,0,1,adaptive_revelation,pre,R0,0,0.4573333333333333,0.04666666666666667,0.22653721682847897,0.1963927855711423,0.7033527696793003,0.0,0.0,0.8981723237597912,0.10182767624020887,0.345203488372093,0.7026666666666667,0.0,0.0,0.0,1.0,0.0,1.0,1.0,0.0,0.34120639534883757,1.0,1.0,1.0,1.0
14,P0,0,1,8,adaptive_revelation,pre,R0,0,0.466,0.042,0.23639774859287055,0.20219843795198147,0.7010014306151645,0.0,0.0,0.9041468388851122,0.09585316111488783,0.3473684210526316,0.686,0.0,1.371,1.371,7.3145,0.0,0.0,7.3875120695204375,0.0,0.3494360902255643,7.727067669172932,6.7781954887218046,7.865248226950355,6.836879432624113
14,P0,0,1,5,adaptive_revelation,pre,R0,0,0.47333333333333333,0.043333333333333335,0.2495201535508637,0.20355504587155962,0.6845070422535211,0.0,0.0,0.9123931623931624,0.0876068376068376,0.351288056206089,0.7046666666666667,0.0,1.339,1.339,4.3305,0.0,0.0145,4.391961414790996,0.0,0.3590554254488679,4.709601873536299,3.8095238095238093,4.788617886178862,3.7235772357723578
14,P0,0,1,3,adaptive_revelation,pre,R0,0,0.497,0.036333333333333336,0.25057471264367814,0.21640058055152395,0.6807511737089202,0.0,0.0,0.8958496476115897,0.10415035238841033,0.36625874125874125,0.6353333333333333,0.0,1.2546666666666666,1.2546666666666666,2.3726666666666665,0.007166666666666667,0.5015,2.4385456885456884,0.0,0.35257867132867216,2.757867132867133,1.832167832167832,2.7293233082706765,1.887218045112782
14,P0,0,1,1,adaptive_revelation,pre,R0,0,0.753,0.022333333333333334,0.4785714285714286,0.3049406047516199,0.702523240371846,0.0,0.0,0.8963855421686747,0.10361445783132531,0.32526881720430106,0.17766666666666667,0.0,0.5976666666666667,0.5976666666666667,0.7011666666666667,0.29883333333333334,0.7011666666666667,0.7338129496402878,0.0,0.33548387096774185,0.8655913978494624,0.0,0.9534883720930233,0.0
14,P0,1,0,8,adaptive_revelation,pre,R0,0,0.455,0.042,0.22144112478031636,0.19776876267748478,0.6893772893772894,0.0,0.0,0.8503625576796309,0.14963744232036916,0.351937984496124,0.6803333333333333,0.43,0.0,0.43,7.785,0.0,0.0,7.7515248796147675,0.0,0.37348837209302305,7.943410852713178,7.922480620155039,7.942731277533039,7.92511013215859
14,P0,1,0,5,adaptive_revelation,pre,R0,0,0.45266666666666666,0.04066666666666666,0.2136602451838879,0.1941386704789135,0.7142857142857143,0.0,0.0,0.8490196078431372,0.15098039215686274,0.38183217859892227,0.7256666666666667,0.433,0.0,0.433,4.7835,0.0,0.0003333333333333333,4.7581320450885665,0.0,0.3719784449576602,4.947652040030793,4.910700538876059,4.978354978354979,4.9437229437229435
14,P0,1,0,3,adaptive_revelation,pre,R0,0,0.45166666666666666,0.037333333333333336,0.21832358674463936,0.19304744265564897,0.7173431734317344,0.0,0.0,0.7911949685534592,0.2088050314465409,0.36645468998410174,0.6993333333333334,0.41933333333333334,0.0,0.41933333333333334,2.7903333333333333,0.0003333333333333333,0.20016666666666666,2.760359781561195,0.0,0.37658982511923667,2.9546899841017487,2.9062003179650238,2.9397590361445785,2.9216867469879517
14,P0,1,0,1,adaptive_revelation,pre,R0,0,0.458,0.03233333333333333,0.2852941176470588,0.19597774925117672,0.6957787481804949,0.0,0.0,0.5163185378590078,0.48368146214099217,0.4690265486725664,0.5536666666666666,0.26366666666666666,0.0,0.26366666666666666,0.8681666666666666,0.13183333333333333,0.8681666666666666,0.8580624396523978,0.0,0.4622629582806576,1.0,0.9532237673830595,0.9352226720647774,0.9554655870445344
14,P0,1,1,8,adaptive_revelation,pre,R0,0,0.4686666666666667,0.042,0.23161764705882354,0.20212765957446807,0.6834992887624467,0.0,0.0,0.8373983739837398,0.16260162601626016,0.3794498381877023,0.711,0.412,1.3783333333333334,1.7903333333333333,7.104833333333334,0.0,0.0,7.161570646926296,0.0,0.3788834951456321,7.690938511326861,6.707928802588997,7.6875,6.7
14,P0,1,1,5,adaptive_revelation,pre,R0,0,0.4713333333333333,0.036,0.20037105751391465,0.20162555254527306,0.6888260254596889,0.0,0.0,0.826148409893993,0.17385159010600706,0.3704020530367836,0.658,0.38966666666666666,1.3583333333333334,1.748,4.126,0.0003333333333333333,0.0315,4.172115384615385,0.0,0.37104362703165145,4.699743370402053,3.709153122326775,4.711382113821138,3.7357723577235773
14,P0,1,1,3,adaptive_revelation,pre,R0,0,0.49333333333333335,0.039,0.2588495575221239,0.20815752461322082,0.6945945945945946,0.0,0.0,0.777027027027027,0.22297297297297297,0.3922705314009662,0.5843333333333334,0.345,1.291,1.636,2.182,0.01633333333333333,0.6033333333333334,2.2332053742802302,0.0,0.3852657004830921,2.752657004830918,1.7758454106280193,2.65993265993266,1.7676767676767677
14,P0,1,1,1,adaptive_revelation,pre,R0,0,0.7976666666666666,0.012333333333333333,0.40217391304347827,0.3197060788243153,0.6987045549519432,0.0,0.0,0.509009009009009,0.49099099099099097,0.4646017699115044,0.16,0.07533333333333334,0.5823333333333334,0.6576666666666666,0.6711666666666667,0.3288333333333333,0.6711666666666667,0.6998750780762024,0.0,0.45110619469026547,1.0,0.0,0.7568807339449541,0.0
14,P0,2,0,8,adaptive_revelation,pre,R0,0,0.44466666666666665,0.03766666666666667,0.21689059500959693,0.19122706422018348,0.7218890554722639,0.0,0.0,0.7583333333333333,0.24166666666666667,0.3863060016906171,0.6863333333333334,0.7886666666666666,0.0,0.7886666666666666,7.605666666666667,0.0,0.00016666666666666666,7.563484410157506,0.0,0.39294167371090544,7.91039729501268,7.849535080304311,7.89920424403183,7.862068965517241
14,P0,2,0,5,adaptive_revelation,pre,R0,0,0.468,0.036,0.24269662921348314,0.2016082711085583,0.7044159544159544,0.0,0.0,0.6860174781523096,0.3139825218476904,0.39854413102820746,0.655,0.7326666666666667,0.0,0.7326666666666667,4.633666666666667,0.0,0.005166666666666667,4.584784010315925,0.0,0.4044131028207463,4.943585077343039,4.863512283894449,4.8767395626242545,4.916500994035785
14,P0,2,0,3,adaptive_revelation,pre,R0,0,0.445,0.030333333333333334,0.22303921568627452,0.1926684947322846,0.7205992509363296,0.0,0.0,0.5903536977491961,0.40964630225080384,0.4324618736383442,0.5936666666666667,0.612,0.0,0.612,2.694,0.0,0.153,2.667204127700742,0.0,0.4321350762527231,3.0,2.8801742919389977,2.839874411302983,2.89010989010989
14,P0,2,0,1,adaptive_revelation,pre,R0,0,0.44866666666666666,0.0,0.0,0.19434016748483973,0.7169390787518574,0.0,0.0,0.0,1.0,0.0,0.0,0.0,0.0,0.0,1.0,0.0,1.0,1.0,0.0,0.0,0.0,0.0,1.0,1.0
14,P0,2,1,8,adaptive_revelation,pre,R0,0,0.47333333333333333,0.04066666666666666,0.26521739130434785,0.20225039168209658,0.7077464788732394,0.0,0.0,0.7521768251841929,0.2478231748158071,0.40338379341050756,0.677,0.7486666666666667,1.3803333333333334,2.129,6.9355,0.0,0.0006666666666666666,6.941157556270096,0.0,0.3978183437221733,7.637577916295637,6.632235084594836,7.678378378378379,6.681081081081081
14,P0,2,1,5,adaptive_revelation,pre,R0,0,0.478,0.042,0.28442437923250563,0.20497427101200685,0.697350069735007,0.0,0.0,0.6865021770682148,0.3134978229317852,0.42071881606765327,0.587,0.6306666666666667,1.347,1.9776666666666667,4.011166666666667,0.0013333333333333333,0.0805,4.04992,0.0,0.4085095137420728,4.686046511627907,3.700845665961945,4.648148148148148,3.7337962962962963
14,P0,2,1,3,adaptive_revelation,pre,R0,0,0.49833333333333335,0.027333333333333334,0.2523076923076923,0.21178637200736647,0.7344481605351171,0.0,0.0,0.5217729393468118,0.4782270606531882,0.4947839046199702,0.4796666666666667,0.44733333333333336,1.2823333333333333,1.7296666666666667,2.1351666666666667,0.0405,0.5545,2.200063816209317,0.0,0.4499254843517144,2.8733233979135617,1.842026825633383,2.5235772357723576,1.7203252032520324
14,P0,2,1,1,adaptive_revelation,pre,R0,0,0.7953333333333333,0.0,0.0,0.3230873392010833,0.691533948030176,0.0,0.0,0.0,1.0,0.0,0.0,0.0,0.5596666666666666,0.5596666666666666,0.7201666666666666,0.2798333333333333,0.7201666666666666,0.7679799874921827,0.0,0.0,0.0,0.0,0.8567901234567902,0.0
14,P1,0,0,8,adaptive_revelation,pre,R0,0,0.378,0.014,0.04054054054054054,0.17057761732851986,0.6282051282051282,0.9312169312169312,0.06878306878306878,0.9161538461538462,0.08384615384615385,0.4966414777497901,1.7693333333333334,0.0,0.0,0.0,8.0,0.0,0.0,8.0,0.3000000000000063,0.5136991869918801,8.0,8.0,8.0,8.0
14,P1,0,0,5,adaptive_revelation,pre,R0,0,0.37266666666666665,0.014333333333333333,0.04628632938643703,0.17037488570557757,0.6666666666666666,0.9355992844364938,0.06440071556350627,0.9156484036263303,0.0843515963736697,0.4959104606112785,1.7363333333333333,0.0,0.0,0.0,5.0,0.0,0.0,5.0,0.3000000000000062,0.5153862212943723,5.0,5.0,5.0,5.0
14,P1,0,0,3,adaptive_revelation,pre,R0,0,0.3486666666666667,0.015,0.04880694143167028,0.15998776384215357,0.6883116883116883,0.9263862332695985,0.07361376673040153,0.9133763094278807,0.08662369057211926,0.5046316718129686,1.681,0.0,0.0,0.0,3.0,0.0,0.0,3.0,0.3000000000000059,0.5082764505119548,3.0,3.0,3.0,3.0
14,P1,0,0,1,adaptive_revelation,pre,R0,0,0.372,0.016,0.04933196300102775,0.167542411049392,0.6923076923076923,0.9301075268817204,0.06989247311827956,0.9179133103183736,0.08208668968162638,0.5043877977434184,1.8186666666666667,0.0,0.0,0.0,1.0,0.0,1.0,1.0,0.3000000000000062,0.5137191420477631,1.0,1.0,1.0,1.0
14,P1,0,1,8,adaptive_revelation,pre,R0,0,0.37666666666666665,0.015333333333333332,0.04590818363273453,0.17048883524441763,0.6666666666666666,0.9230088495575222,0.07699115044247788,0.9072043852779953,0.0927956147220047,0.5079844626672422,1.7483333333333333,0.0,1.3126666666666666,1.3126666666666666,7.343666666666667,0.0,0.0,7.413486005089059,0.30000000000000626,0.5150582362728888,7.743202416918429,7.255502805351748,7.877637130801688,7.223628691983122
14,P1,0,1,5,adaptive_revelation,pre,R0,0,0.394,0.017333333333333333,0.051741293532338306,0.17890116543060391,0.7261904761904762,0.9289340101522843,0.07106598984771574,0.9208234362628662,0.0791765637371338,0.5098882201203784,1.7606666666666666,0.0,1.27,1.27,4.365,0.0,0.0125,4.428208386277001,0.30000000000000654,0.5231950207468988,4.7648323301805675,4.276870163370593,4.805,4.23
14,P1,0,1,3,adaptive_revelation,pre,R0,0,0.40066666666666667,0.011333333333333334,0.03582718651211802,0.18053469510363473,0.7311827956989247,0.9226289517470881,0.07737104825291181,0.9082606890826069,0.09173931091739311,0.5301645338208409,1.7153333333333334,0.0,1.235,1.235,2.3825,0.009833333333333333,0.48583333333333334,2.443458980044346,0.3000000000000066,0.5355984217448603,2.760054844606947,2.333180987202925,2.8054298642533935,2.276018099547511
14,P1,0,1,1,adaptive_revelation,pre,R0,0,0.6173333333333333,0.023666666666666666,0.07426778242677824,0.2679398148148148,0.6879432624113475,0.923866090712743,0.07613390928725702,0.9236573457612073,0.07634265423879272,0.6429601153291686,2.0166666666666666,0.0,0.589,0.589,0.7055,0.2945,0.7055,0.728744939271255,0.3000000000000038,0.6421692169217142,0.881307063911581,0.7265737626141279,0.9476744186046512,0.7558139534883721
14,P1,1,0,8,adaptive_revelation,pre,R0,0,0.38366666666666666,0.017,0.05362776025236593,0.17300465955208177,0.6919191919191919,0.8279756733275413,0.17202432667245873,0.8340807174887892,0.16591928251121077,0.503584229390681,1.702,0.744,0.0,0.744,7.628,0.0,0.0,7.666560712015258,0.3000000000000064,0.5266049382716163,7.913978494623656,7.849910394265233,7.916666666666667,7.903153153153153
14,P1,1,0,5,adaptive_revelation,pre,R0,0,0.36,0.013333333333333334,0.046620046620046623,0.16531455686514618,0.7487684729064039,0.812037037037037,0.18796296296296297,0.8188884570540226,0.18111154294597745,0.5078310393925012,1.6296666666666666,0.7023333333333334,0.0,0.7023333333333334,4.648833333333333,0.0,0.0006666666666666666,4.678171939916906,0.30000000000000604,0.5269264069264182,4.922638822971049,4.850023730422402,4.920600858369099,4.8927038626609445
14,P1,1,0,3,adaptive_revelation,pre,R0,0,0.38866666666666666,0.023333333333333334,0.0831353919239905,0.17343447865536218,0.7220216606498195,0.7624356775300172,0.23756432246998285,0.769059955588453,0.230940044411547,0.5274302213666987,1.618,0.6926666666666667,0.0,0.6926666666666667,2.6536666666666666,0.0005,0.32083333333333336,2.6923321667196944,0.30000000000000643,0.5417197452229423,2.926371511068335,2.8585178055822906,2.8846153846153846,2.9086538461538463
14,P1,1,0,1,adaptive_revelation,pre,R0,0,0.44,0.037333333333333336,0.255125284738041,0.19380414036118043,0.7181208053691275,0.20984848484848484,0.7901515151515152,0.37943989071038253,0.6205601092896175,0.5139513951395139,0.8553333333333333,0.37033333333333335,0.0,0.37033333333333335,0.8148333333333333,0.18516666666666667,0.8148333333333333,0.8287186091435931,0.30000000000000704,0.6063602599814442,1.0,0.936993699369937,0.9003852504127683,0.9444138690148597
14,P1,1,1,8,adaptive_revelation,pre,R0,0,0.385,0.014666666666666666,0.04715969989281887,0.17045454545454544,0.6948051948051948,0.8666666666666667,0.13333333333333333,0.8463027487417731,0.15369725125822686,0.5288197621225984,1.7266666666666666,0.7286666666666667,1.3343333333333334,2.063,6.9685,0.0,0.0,7.088151658767773,0.3000000000000064,0.5335256410256514,7.655535224153706,7.131747483989021,7.720403022670025,7.110831234256927
14,P1,1,1,5,adaptive_revelation,pre,R0,0,0.4073333333333333,0.015333333333333332,0.05542168674698795,0.1862520957171163,0.6877637130801688,0.8060556464811784,0.1939443535188216,0.8093539437177962,0.1906460562822037,0.5259549461312438,1.644,0.6806666666666666,1.2526666666666666,1.9333333333333333,4.033333333333333,0.00016666666666666666,0.042666666666666665,4.151866151866152,0.30000000000000665,0.5457656867047069,4.655239960822723,4.148873653281097,4.715176715176715,4.249480249480249
14,P1,1,1,3,adaptive_revelation,pre,R0,0,0.4246666666666667,0.025333333333333333,0.0880648899188876,0.1881831610044313,0.7374301675977654,0.7189952904238619,0.28100470957613816,0.7522790328973444,0.24772096710265556,0.5337197049525817,1.4976666666666667,0.6326666666666667,1.2186666666666666,1.8513333333333333,2.074333333333333,0.028333333333333332,0.6358333333333334,2.1907477820025347,0.3000000000000069,0.567664007092212,2.70231822971549,2.1564805057955745,2.4912,2.2096
14,P1,1,1,1,adaptive_revelation,pre,R0,0,0.7936666666666666,0.041,0.40594059405940597,0.32184374155177076,0.6986721144024515,0.17765644687106258,0.8223435531289375,0.21420804639362087,0.7857919536063791,0.6345177664974619,0.5486666666666666,0.197,0.5386666666666666,0.7356666666666667,0.6321666666666667,0.36783333333333335,0.6321666666666667,0.6901276860791031,0.2999999999999929,0.6857002746175246,1.0,0.6142131979695431,0.7993542435424354,0.7375461254612546
14,P1,2,0,8,adaptive_revelation,pre,R0,0,0.39366666666666666,0.020666666666666667,0.07908163265306123,0.1783987915407855,0.7,0.7036409822184589,0.29635901778154106,0.7379002233804914,0.26209977661950856,0.5383451059535822,1.6126666666666667,1.3213333333333332,0.0,1.3213333333333332,7.339333333333333,0.0,0.0005,7.433673469387755,0.3000000000000065,0.5516295025729099,7.852674066599395,7.701311806256307,7.838068181818182,7.752840909090909
14,P1,2,0,5,adaptive_revelation,pre,R0,0,0.403,0.036,0.14979195561719832,0.18004467609828742,0.7088353413654619,0.5880893300248139,0.4119106699751861,0.6427541456380678,0.35724585436193224,0.5204711160964667,1.4023333333333334,1.1886666666666668,0.0,1.1886666666666668,4.405666666666667,0.0,0.0245,4.482023544384346,0.3000000000000066,0.5629329241560843,4.83510936623668,4.77453729669097,4.695257315842583,4.798183652875883
14,P1,2,0,3,adaptive_revelation,pre,R0,0,0.44533333333333336,0.04733333333333333,0.2452504317789292,0.19754546798757947,0.7132701421800948,0.36826347305389223,0.6317365269461078,0.4802701741912549,0.5197298258087452,0.5536639526276832,1.1133333333333333,0.9006666666666666,0.0,0.9006666666666666,2.5496666666666665,0.0,0.22516666666666665,2.6113438607798902,0.3000000000000071,0.5974031890660741,3.0,2.8134715025906734,2.6785225718194257,2.8673050615595077
14,P1,2,0,1,adaptive_revelation,pre,R0,0,0.418,0.0,0.0,0.1821615339918652,0.7001594896331739,0.0,1.0,0.0,1.0,0.0,0.0,0.0,0.0,0.0,1.0,0.0,1.0,1.0,0.3000000000000068,0.7000000000000143,0.0,0.0,1.0,1.0
14,P1,2,1,8,adaptive_revelation,pre,R0,0,0.4043333333333333,0.023,0.08846153846153847,0.17914635947422833,0.6890080428954424,0.6924979389942292,0.3075020610057708,0.718206416698879,0.281793583301121,0.5382131324004306,1.488,1.2386666666666666,1.3436666666666666,2.582333333333333,6.708833333333334,0.0,0.0023333333333333335,6.868345553076187,0.30000000000000665,0.56517256835501,7.566200215285253,6.958019375672767,7.563786008230453,7.08641975308642
14,P1,2,1,5,adaptive_revelation,pre,R0,0,0.44766666666666666,0.045,0.18072289156626506,0.19669009958992384,0.6991304347826087,0.5718540580789278,0.42814594192107225,0.6257873286402371,0.3742126713597629,0.5452930728241563,1.3496666666666666,1.126,1.3023333333333333,2.4283333333333332,3.785833333333333,0.004666666666666667,0.13683333333333333,3.9362792186999678,0.3000000000000071,0.5840106007067276,4.63765541740675,4.0029603315571345,4.320792079207921,4.056435643564356
14,P1,2,1,3,adaptive_revelation,pre,R0,0,0.49333333333333335,0.04733333333333333,0.27734375,0.21288837744533948,0.6842592592592592,0.2702702702702703,0.7297297297297297,0.3917828319882612,0.6082171680117389,0.5571161048689138,0.8796666666666667,0.712,1.231,1.943,2.0285,0.05316666666666667,0.5741666666666667,2.147378516624041,0.3000000000000075,0.6225791433892153,2.899812734082397,2.102996254681648,2.436670687575392,2.2249698431845597
14,P1,2,1,1,adaptive_revelation,pre,R0,0,0.787,0.0,0.0,0.3173813684635032,0.6920796272765777,0.0,1.0,0.0,1.0,0.0,0.0,0.0,0.5936666666666667,0.5936666666666667,0.7031666666666667,0.29683333333333334,0.7031666666666667,0.7553459119496856,0.2999999999999932,0.7000000000000289,0.0,0.0,0.8810289389067524,0.7206145051804216
18,P0,0,0,8,adaptive_revelation,pre,R0,0,0.5566666666666666,0.10333333333333333,0.2622673434856176,0.20147183013632525,0.895808383233533,0.0,0.0,0.9190578158458245,0.08094218415417559,0.4422180801491146,1.3973333333333333,0.0,0.0,0.0,8.0,0.0,0.0,8.0,0.0,0.45146784715750315,8.0,8.0,8.0,8.0
18,P0,0,0,5,adaptive_revelation,pre,R0,0,0.561,0.10766666666666666,0.27512776831345825,0.20281995661605207,0.887106357694593,0.0,0.0,0.9281129653401797,0.07188703465982028,0.44352236053480865,1.4263333333333332,0.0,0.0,0.0,5.0,0.0,0.0,5.0,0.0,0.44635776855693926,5.0,5.0,5.0,5.0
18,P0,0,0,3,adaptive_revelation,pre,R0,0,0.557,0.099,0.2663677130044843,0.20132530120481928,0.8964691801316577,0.0,0.0,0.92031182330013,0.07968817669987008,0.448,1.4226666666666667,0.0,0.0,0.0,3.0,0.0,0.0,3.0,0.0,0.4557882352941182,3.0,3.0,3.0,3.0
18,P0,0,0,1,adaptive_revelation,pre,R0,0,0.5343333333333333,0.09366666666666666,0.24434782608695652,0.19341216216216217,0.8995633187772926,0.0,0.0,0.9184027777777778,0.08159722222222222,0.4617202268431002,1.443,0.0,0.0,0.0,1.0,0.0,1.0,1.0,0.0,0.4550330812854437,1.0,1.0,1.0,1.0
18,P0,0,1,8,adaptive_revelation,pre,R0,0,0.552,0.08666666666666667,0.24413145539906103,0.20070294509756392,0.9015700483091788,0.0,0.0,0.9162494310423305,0.08375056895766955,0.43914555389965226,1.3253333333333333,0.0,1.635,1.635,7.1825,0.0,0.0,7.3806390977443606,0.0,0.4525086934923012,7.676105315449577,6.757575757575758,7.7228260869565215,6.728260869565218
18,P0,0,1,5,adaptive_revelation,pre,R0,0,0.5286666666666666,0.08633333333333333,0.24549763033175356,0.19280330658886458,0.9016393442622951,0.0,0.0,0.9197446420428637,0.08025535795713634,0.43579573624194345,1.2893333333333334,0.0,1.6596666666666666,1.6596666666666666,4.170166666666667,0.0,0.027833333333333335,4.403564608529599,0.0,0.4505949429846311,4.67476450173525,3.740704015865146,4.704545454545454,3.778409090909091
18,P0,0,1,3,adaptive_revelation,pre,R0,0,0.5866666666666667,0.093,0.27514792899408286,0.20947393477743395,0.9113636363636364,0.0,0.0,0.9235181644359465,0.07648183556405354,0.4746376811594203,1.3586666666666667,0.0,1.612,1.612,2.194,0.0225,0.5801666666666667,2.4006319115323853,0.0,0.46363871635610804,2.6837474120082816,1.7857142857142858,2.7125,1.775
18,P0,0,1,1,adaptive_revelation,pre,R0,0,0.8456666666666667,0.08533333333333333,0.5529157667386609,0.27678376609207944,0.9002759164367363,0.0,0.0,0.9420454545454545,0.05795454545454545,0.4680337756332931,0.568,0.0,0.9383333333333334,0.9383333333333334,0.5308333333333334,0.4691666666666667,0.5308333333333334,0.6465229274218038,0.0,0.4556694813027755,0.7864897466827503,0.0,0.8627450980392157,0.0
18,P0,1,0,8,adaptive_revelation,pre,R0,0,0.5343333333333333,0.09433333333333334,0.26672950047125354,0.19369260512324796,0.8970679975046787,0.0,0.0,0.879180602006689,0.12081939799331104,0.47788873038516405,1.5196666666666667,0.701,0.0,0.701,7.6495,0.0,0.0,7.6347962382445145,0.0,0.48216833095577777,7.9286733238231095,7.854969091773657,7.9411764705882355,7.899653979238754
18,P0,1,0,5,adaptive_revelation,pre,R0,0,0.5373333333333333,0.092,0.26666666666666666,0.19511014282256112,0.9069478908188585,0.0,0.0,0.8552803129074316,0.14471968709256844,0.4634146341463415,1.358,0.656,0.0,0.656,4.672,0.0,0.0005,4.656872037914692,0.0,0.48117378048780574,4.933943089430894,4.872967479674797,4.945945945945946,4.891891891891892
18,P0,1,0,3,adaptive_revelation,pre,R0,0,0.5536666666666666,0.08533333333333333,0.26149131767109296,0.20050700144857556,0.9042745334136063,0.0,0.0,0.8384185646755479,0.16158143532445207,0.48026652998462327,1.407,0.6503333333333333,0.0,0.6503333333333333,2.6748333333333334,0.0005,0.30383333333333334,2.6723700887198985,0.0,0.4936186570989239,2.9343926191696568,2.866222450025628,2.9148936170212765,2.86968085106383
18,P0,1,0,1,adaptive_revelation,pre,R0,0,0.5553333333333333,0.049,0.21304347826086956,0.2005054759898905,0.8955582232893158,0.0,0.0,0.5794270833333334,0.4205729166666667,0.5782771535580524,1.1726666666666667,0.445,0.0,0.445,0.7775,0.2225,0.7775,0.7819501420006311,0.0,0.5728089887640457,1.0,0.9078651685393259,0.868937048503612,0.9453044375644994
18,P0,1,1,8,adaptive_revelation,pre,R0,0,0.556,0.07266666666666667,0.22087132725430597,0.20064958498736918,0.9088729016786571,0.0,0.0,0.8688747731397459,0.13112522686025407,0.4605744125326371,1.3256666666666668,0.6383333333333333,1.6696666666666666,2.308,6.846,0.0,0.0,7.056882463859208,0.0,0.4729242819843348,7.62088772845953,6.639164490861619,7.6055363321799305,6.643598615916955
18,P0,1,1,5,adaptive_revelation,pre,R0,0,0.5553333333333333,0.08,0.2518363064008394,0.20079546824153308,0.9123649459783914,0.0,0.0,0.8646864686468647,0.1353135313531353,0.4825517993456925,1.3643333333333334,0.6113333333333333,1.6373333333333333,2.248666666666667,3.8756666666666666,0.0,0.06216666666666667,4.0792047964657625,0.0,0.48459651035986967,4.636314067611777,3.6357688113413302,4.651567944250871,3.6794425087108014
18,P0,1,1,3,adaptive_revelation,pre,R0,0,0.5783333333333334,0.08333333333333333,0.27056277056277056,0.20501004371972115,0.8945244956772335,0.0,0.0,0.8282727725236436,0.1717272274763564,0.48497596153846156,1.2156666666666667,0.5546666666666666,1.612,2.1666666666666665,1.9166666666666667,0.053,0.6773333333333333,2.136908517350158,0.0,0.4883413461538465,2.6556490384615383,1.6850961538461537,2.544927536231884,1.6405797101449275
18,P0,1,1,1,adaptive_revelation,pre,R0,0,0.8493333333333334,0.043666666666666666,0.49433962264150944,0.2794472472033341,0.8971742543171115,0.0,0.0,0.5219976218787158,0.4780023781212842,0.5444191343963554,0.3446666666666667,0.14633333333333334,0.8643333333333333,1.0106666666666666,0.49466666666666664,0.5053333333333333,0.49466666666666664,0.6093135772603568,0.0,0.5735763097949884,1.0,0.0,0.6592039800995025,0.0
18,P0,2,0,8,adaptive_revelation,pre,R0,0,0.5316666666666666,0.08066666666666666,0.25690021231422505,0.19307589880159787,0.8952978056426333,0.0,0.0,0.7924858016601136,0.2075141983398864,0.5137816979051819,1.4023333333333334,1.2093333333333334,0.0,1.2093333333333334,7.395333333333333,0.0,0.0003333333333333333,7.396845425867508,0.0,0.4996692392502762,7.874310915104741,7.788313120176405,7.856842105263158,7.76
18,P0,2,0,5,adaptive_revelation,pre,R0,0,0.5386666666666666,0.07866666666666666,0.2610619469026549,0.1964741641337386,0.9016089108910891,0.0,0.0,0.7620915032679738,0.23790849673202613,0.5220125786163522,1.387,1.166,0.0,1.166,4.417,0.0,0.0165,4.413022963195973,0.0,0.5103773584905659,4.886792452830188,4.742710120068611,4.82051282051282,4.787545787545787
18,P0,2,0,3,adaptive_revelation,pre,R0,0,0.5443333333333333,0.069,0.25213154689403167,0.19810748513890575,0.8971218616044091,0.0,0.0,0.6659282233052725,0.33407177669472754,0.5535595475715236,1.2606666666666666,1.002,0.0,1.002,2.499,0.0,0.2505,2.502835538752363,0.0,0.5488023952095802,3.0,2.795076513639388,2.6923076923076925,2.8381962864721486
18,P0,2,0,1,adaptive_revelation,pre,R0,0,0.5326666666666666,0.0,0.0,0.19549792023489113,0.9042553191489362,0.0,0.0,0.0,1.0,0.0,0.0,0.0,0.0,0.0,1.0,0.0,1.0,1.0,0.0,0.0,0.0,0.0,1.0,1.0
18,P0,2,1,8,adaptive_revelation,pre,R0,0,0.568,0.08,0.24716786817713698,0.2020154119739182,0.8931924882629108,0.0,0.0,0.7972972972972973,0.20270270270270271,0.5101694915254237,1.3286666666666667,1.18,1.6873333333333334,2.8673333333333333,6.566333333333334,0.0,0.0018333333333333333,6.768115942028985,0.0,0.49550847457627184,7.534463276836158,6.501694915254237,7.5088888888888885,6.564444444444445
18,P0,2,1,5,adaptive_revelation,pre,R0,0,0.5536666666666666,0.07133333333333333,0.2538552787663108,0.1988983355286792,0.8970499698976521,0.0,0.0,0.7472875226039783,0.2527124773960217,0.5172413793103449,1.2933333333333332,1.102,1.662,2.764,3.618,0.006333333333333333,0.1685,3.835538752362949,0.0,0.5141560798548093,4.577737447065941,3.547489413188143,4.51520572450805,3.5330948121645798
18,P0,2,1,3,adaptive_revelation,pre,R0,0,0.5873333333333334,0.064,0.27080394922425954,0.20854538998698072,0.9108967082860386,0.0,0.0,0.6145077720207254,0.3854922279792746,0.5674536256323778,0.9926666666666667,0.7906666666666666,1.5733333333333333,2.364,1.818,0.10133333333333333,0.6106666666666667,2.0391236306729263,0.0,0.5586846543001691,2.8279932546374367,1.7774030354131534,2.368279569892473,1.5698924731182795
18,P0,2,1,1,adaptive_revelation,pre,R0,0,0.829,0.0,0.0,0.27236885335669697,0.8946521913952553,0.0,0.0,0.0,1.0,0.0,0.0,0.0,0.9353333333333333,0.9353333333333333,0.5323333333333333,0.4676666666666667,0.5323333333333333,0.6864279265723744,0.0,0.0,0.0,0.0,0.8105975197294251,0.0
18,P1,0,0,8,adaptive_revelation,pre,R0,0,0.37233333333333335,0.001,0.002124645892351275,0.15168386746333515,0.875,0.9928379588182632,0.007162041181736795,0.9455337690631809,0.054466230936819175,0.6224489795918368,2.8093333333333335,0.0,0.0,0.0,8.0,0.0,0.0,8.0,0.09999999999999815,0.6194024950755188,8.0,8.0,8.0,8.0
18,P1,0,0,5,adaptive_revelation,pre,R0,0,0.3576666666666667,0.0006666666666666666,0.00149812734082397,0.14596653516528363,0.6666666666666666,0.9972041006523765,0.0027958993476234857,0.9511885895404121,0.04881141045958796,0.6141286237920693,2.7306666666666666,0.0,0.0,0.0,5.0,0.0,0.0,5.0,0.0999999999999983,0.617743009320915,5.0,5.0,5.0,5.0
18,P1,0,0,3,adaptive_revelation,pre,R0,0,0.35633333333333334,0.0006666666666666666,0.0014936519790888724,0.1449295010845987,0.75,0.9887745556594949,0.011225444340505144,0.9393556538218573,0.060644346178142766,0.5951580363147276,2.664,0.0,0.0,0.0,3.0,0.0,0.0,3.0,0.09999999999999831,0.6080040187541936,3.0,3.0,3.0,3.0
18,P1,0,0,1,adaptive_revelation,pre,R0,0,0.362,0.0013333333333333333,0.002904865649963689,0.14665766374071573,0.875,0.992633517495396,0.007366482504604052,0.951048951048951,0.04895104895104895,0.625,2.7803333333333335,0.0,0.0,0.0,1.0,0.0,1.0,1.0,0.09999999999999826,0.6190500000000081,1.0,1.0,1.0,1.0
18,P1,0,1,8,adaptive_revelation,pre,R0,0,0.37866666666666665,0.0016666666666666668,0.0037397157816005983,0.1537212449255751,1.0,0.9938380281690141,0.006161971830985915,0.9556412729026037,0.044358727097396335,0.6148671375714766,2.7576666666666667,0.0,1.4966666666666666,1.4966666666666666,7.251666666666667,0.0,0.0,7.430344399627676,0.09999999999999808,0.622348993288601,7.689202825428859,7.195425496131853,7.768115942028985,6.833333333333333
18,P1,0,1,5,adaptive_revelation,pre,R0,0,0.38,0.0016666666666666668,0.0035945363048166786,0.15314347125201505,0.7777777777777778,0.9921052631578947,0.007894736842105263,0.9585036152153411,0.04149638478465891,0.6175795342735323,2.8173333333333335,0.0,1.487,1.487,4.2565,0.0,0.017333333333333333,4.434137291280148,0.09999999999999806,0.6123773708306182,4.690062315513283,4.181698917677927,4.803030303030303,3.871212121212121
18,P1,0,1,3,adaptive_revelation,pre,R0,0,0.376,0.002,0.004720692368214005,0.15191919191919193,0.75,0.9929078014184397,0.0070921985815602835,0.9541528239202658,0.04584717607973422,0.6197771587743732,2.6413333333333333,0.0,1.4463333333333332,1.4463333333333332,2.2768333333333333,0.01633333333333333,0.5401666666666667,2.4681380167858253,0.0999999999999981,0.6292708333333433,2.6967270194986073,2.1960306406685235,2.7971014492753623,1.9275362318840579
18,P1,0,1,1,adaptive_revelation,pre,R0,0,0.5393333333333333,0.0016666666666666668,0.004389815627743635,0.21067708333333332,0.8333333333333334,0.992583436341162,0.007416563658838072,0.9696969696969697,0.030303030303030304,0.7703993055555556,2.635,0.0,0.8226666666666667,0.8226666666666667,0.5886666666666667,0.41133333333333333,0.5886666666666667,0.6753090141694302,0.09999999999999697,0.7660405872193631,0.8142361111111112,0.5980902777777778,0.8472222222222222,0.1388888888888889
18,P1,1,0,8,adaptive_revelation,pre,R0,0,0.36466666666666664,0.0006666666666666666,0.0015455950540958269,0.15044004400440045,0.95,0.9817184643510055,0.018281535648994516,0.915479274611399,0.08452072538860103,0.6342412451361867,2.6803333333333335,0.9423333333333334,0.0,0.9423333333333334,7.528833333333333,0.0,0.0,7.6055417185554175,0.09999999999999823,0.6427291886196091,7.916873010258224,7.817120622568093,7.888888888888889,7.865900383141763
18,P1,1,0,5,adaptive_revelation,pre,R0,0,0.37433333333333335,0.0006666666666666666,0.0015337423312883436,0.15118470651588584,0.8275862068965517,0.9741763134461264,0.025823686553873553,0.9030131826741996,0.09698681732580038,0.6451164407368787,2.7683333333333335,0.959,0.0,0.959,4.5205,0.0,0.0013333333333333333,4.604801477377655,0.09999999999999812,0.6417068134893424,4.91970802919708,4.810218978102189,4.86084142394822,4.857605177993528
18,P1,1,0,3,adaptive_revelation,pre,R0,0,0.374,0.001,0.002331002331002331,0.15113146551724138,0.92,0.9777183600713012,0.022281639928698752,0.8845201238390092,0.11547987616099072,0.6520826041302065,2.7876666666666665,0.9523333333333334,0.0,0.9523333333333334,2.523833333333333,0.001,0.43666666666666665,2.6098849860118123,0.09999999999999813,0.6503469812630227,2.9170458522926146,2.8190409520476023,2.8498659517426272,2.839142091152815
18,P1,1,0,1,adaptive_revelation,pre,R0,0,0.5136666666666667,0.09433333333333334,0.267233238904627,0.19789392577372544,0.9066874027993779,0.5827384815055159,0.4172615184944841,0.5607652923740232,0.43923470762597683,0.7164824603555983,2.235,0.6936666666666667,0.0,0.6936666666666667,0.6531666666666667,0.3468333333333333,0.6531666666666667,0.7433035714285714,0.0999999999999971,0.7627386196769644,1.0,0.8649687650168189,0.6834355828220859,0.8834355828220859
18,P1,1,1,8,adaptive_revelation,pre,R0,0,0.37133333333333335,0.0013333333333333333,0.0030303030303030303,0.1514615907545887,0.8095238095238095,0.981149012567325,0.018850987432675045,0.9076972213350367,0.09230277866496327,0.6305418719211823,2.72,0.9473333333333334,1.4983333333333333,2.445666666666667,6.777166666666667,0.0,0.0,7.063895781637717,0.09999999999999816,0.6346489696123048,7.604503870513723,7.019352568613653,7.619377162629758,6.70242214532872
18,P1,1,1,5,adaptive_revelation,pre,R0,0,0.37266666666666665,0.0016666666666666668,0.003980891719745223,0.15093830160658836,0.9565217391304348,0.9794275491949911,0.020572450805008944,0.9074675324675324,0.09253246753246754,0.6429338103756709,2.679666666666667,0.9316666666666666,1.4976666666666667,2.429333333333333,3.7853333333333334,0.0003333333333333333,0.072,4.071716858118597,0.09999999999999815,0.6509403832505425,4.591055456171735,4.022182468694097,4.6,3.712280701754386
18,P1,1,1,3,adaptive_revelation,pre,R0,0,0.38466666666666666,0.006666666666666667,0.016012810248198558,0.1555885128758258,0.9821428571428571,0.951473136915078,0.04852686308492201,0.8779280765423952,0.12207192345760474,0.6625328823750469,2.6526666666666667,0.887,1.4206666666666667,2.3076666666666665,1.8461666666666667,0.059333333333333335,0.7086666666666667,2.1092879256965946,0.09999999999999802,0.6720647773279471,2.640736565201052,2.0710259301014657,2.383783783783784,1.7540540540540541
18,P1,1,1,1,adaptive_revelation,pre,R0,0,0.8173333333333334,0.13533333333333333,0.4047856430707876,0.2840264102861114,0.8923636363636364,0.4392332789559543,0.5607667210440457,0.43755927916534937,0.5624407208346507,0.8280346820809249,1.689,0.4613333333333333,0.7536666666666667,1.215,0.3925,0.6075,0.3925,0.55,0.09999999999999606,0.8645161290322984,1.0,0.5924855491329479,0.35413153456998314,0.4142776840921866
18,P1,2,0,8,adaptive_revelation,pre,R0,0,0.37266666666666665,0.0023333333333333335,0.005942275042444821,0.15229532761204195,0.875,0.9570661896243292,0.04293381037567084,0.8468468468468469,0.15315315315315314,0.6511371973587674,2.688,1.8173333333333332,0.0,1.8173333333333332,7.091333333333333,0.0,0.0008333333333333334,7.272049689440994,0.09999999999999815,0.6613374188897009,7.8444607483492295,7.646368305209098,7.707910750507099,7.728194726166328
18,P1,2,0,5,adaptive_revelation,pre,R0,0,0.3893333333333333,0.008,0.018590240123934933,0.15850183199891438,0.946236559139785,0.9203767123287672,0.07962328767123288,0.8206621704475782,0.17933782955242183,0.6779977586850953,2.75,1.7846666666666666,0.0,1.7846666666666666,4.107666666666667,0.0,0.031166666666666665,4.295870847562869,0.09999999999999798,0.6838628158844887,4.860291370937617,4.682480388494583,4.555555555555555,4.74017094017094
18,P1,2,0,3,adaptive_revelation,pre,R0,0,0.49133333333333334,0.11233333333333333,0.2696,0.19083376488865872,0.9059304703476483,0.6682496607869742,0.33175033921302577,0.630114566284779,0.3698854337152209,0.6917748917748918,2.401666666666667,1.54,0.0,1.54,2.23,0.0,0.385,2.3863708399366086,0.09999999999999723,0.7285637727760099,3.0,2.6874458874458873,2.1209439528023597,2.725663716814159
18,P1,2,0,1,adaptive_revelation,pre,R0,0,0.5366666666666666,0.0,0.0,0.19607843137254902,0.8944099378881988,0.0,1.0,0.0,1.0,0.0,0.0,0.0,0.0,0.0,1.0,0.0,1.0,1.0,0.09999999999999698,0.9000000000000153,0.0,0.0,1.0,1.0
18,P1,2,1,8,adaptive_revelation,pre,R0,0,0.38666666666666666,0.0023333333333333335,0.005809128630705394,0.15662975965433432,0.9761904761904762,0.9637931034482758,0.03620689655172414,0.8650463703229933,0.13495362967700672,0.6695009242144178,2.7343333333333333,1.8033333333333332,1.5023333333333333,3.3056666666666668,6.347166666666666,0.0,0.004,6.738190799629515,0.09999999999999801,0.6742264288314627,7.513493530499076,6.903881700554528,7.535545023696683,6.618483412322274
18,P1,2,1,5,adaptive_revelation,pre,R0,0,0.3983333333333333,0.011333333333333334,0.029798422436459245,0.1611163543211541,0.9270833333333334,0.9196652719665271,0.0803347280334728,0.8170809432759719,0.18291905672402806,0.6735569422776911,2.603666666666667,1.7093333333333334,1.458,3.167333333333333,3.416333333333333,0.012333333333333333,0.21916666666666668,3.8387197016780608,0.0999999999999979,0.6896428571428698,4.559282371294851,3.931357254290172,4.2665505226480835,3.6010452961672472
18,P1,2,1,3,adaptive_revelation,pre,R0,0,0.5726666666666667,0.12366666666666666,0.3068651778329198,0.21678233438485806,0.8972972972972973,0.5692665890570431,0.4307334109429569,0.5780984719864176,0.4219015280135823,0.720019579050416,2.238,1.362,1.4136666666666666,2.7756666666666665,1.6121666666666667,0.15533333333333332,0.5938333333333333,1.9663627790003144,0.09999999999999681,0.7658102766798656,2.8002936857562406,2.098874204601077,1.7686116700201207,1.7934272300469483
18,P1,2,1,1,adaptive_revelation,pre,R0,0,0.8403333333333334,0.0,0.0,0.27639513211270694,0.8932963109877033,0.0,1.0,0.0,1.0,0.0,0.0,0.0,0.921,0.921,0.5395,0.4605,0.5395,0.6936118679987889,0.09999999999999602,0.9000000000000427,0.0,0.0,0.7652224824355972,0.5406908665105387
