skill_a,skill_b,compound_cost,start_spiritus_a,start_spiritus_b,information,future_fights,recovery,parry,durch_cost,timing,seed,play,opportunities,affordable_opportunities,declarations,successes,damage,spiritus_spent,parry_displaced,counter_displaced,spiritus_at_declaration_sum,early_opportunities,early_declarations,late_opportunities,late_declarations,spirit_opportunities,spirit_declarations,decline_reasons,basic_value_sum,counter_value_sum,compound_value_sum,compound_no_cost_value_sum,value_observations,compound_value_observations,declaration_rate,success_rate,damage_per_fight,spiritus_per_fight,mean_spiritus_at_declaration,early_use_rate,late_use_rate,damage_share,legal_unaffordable_opportunities,declaration_rate_by_spiritus,declaration_rate_by_requested_band,mean_basic_parry_value,mean_counter_value,mean_compound_value,mean_compound_no_cost_value
10,10,1,8,8,adaptive_revelation,0,R0,P1,1,pre,8212026,Absetzen,6943,6943,3100,1563,7054,3100,1287,1813,23852,3540,1529,3403,1571,"{'8': 5203, '7': 1512, '6': 209, '5': 18, '4': 1}","{'8': 2272, '7': 717, '6': 102, '5': 9}","{'other policy exploration': 3827, 'tactical/HP urgency': 16}",4199.850000000035,4052.6812499999637,7147.192828719112,8252.53125000002,6943,6943,0.44649287051706754,0.5041935483870967,0.5878333333333333,0.25833333333333336,7.694193548387097,0.43192090395480226,0.4616514839847194,0.043566337685437946,0,"{'0': 0.0, '1': 0.0, '2': 0.0, '3': 0.0, '4': 0.0, '5': 0.5, '6': 0.4880382775119617, '7': 0.4742063492063492, '8': 0.4366711512588891}","{'6-8': 0.446418255343732, '3-5': 0.47368421052631576, '2': 0.0, '1': 0.0, '0': 0.0}",0.6049042200777812,0.5837075111623166,1.0294098845915471,1.1886117312401008
10,10,1,8,8,adaptive_revelation,0,R0,P1,1,pre,8212026,Scambiar di Punta,6943,6943,3138,1585,7149,3138,1277,1861,24221,3540,1574,3403,1564,"{'8': 5203, '7': 1512, '6': 209, '5': 18, '4': 1}","{'8': 2371, '7': 661, '6': 97, '5': 8, '4': 1}","{'other policy exploration': 3789, 'tactical/HP urgency': 16}",4199.850000000035,4052.6812499999637,7147.192828719112,8252.53125000002,6943,6943,0.4519660089298574,0.5050987890376035,0.59575,0.2615,7.718610579987253,0.44463276836158194,0.4595944754628269,0.044153068913126724,0,"{'0': 0.0, '1': 0.0, '2': 0.0, '3': 0.0, '4': 1.0, '5': 0.4444444444444444, '6': 0.46411483253588515, '7': 0.43716931216931215, '8': 0.4556986354026523}","{'6-8': 0.45190641247833624, '3-5': 0.47368421052631576, '2': 0.0, '1': 0.0, '0': 0.0}",0.6049042200777812,0.5837075111623166,1.0294098845915471,1.1886117312401008
10,10,1,8,8,adaptive_revelation,0,R0,P1,1,pre,8212026,Schielhau,9220,9220,6624,3376,12154,6624,676,1797,51350,4270,2889,4950,3735,"{'8': 7284, '7': 1687, '6': 236, '5': 12, '4': 1}","{'8': 5181, '7': 1254, '6': 179, '5': 10}","{'other policy exploration': 1344, 'tactical/HP urgency': 1252}",5574.053124999963,5353.6812500000415,9465.09984642488,10927.734374999944,9220,9220,0.7184381778741865,0.5096618357487923,1.0128333333333333,0.552,7.7521135265700485,0.6765807962529274,0.7545454545454545,0.07506454043504576,0,"{'0': 0.0, '1': 0.0, '2': 0.0, '3': 0.0, '4': 0.0, '5': 0.8333333333333334, '6': 0.7584745762711864, '7': 0.7433313574392413, '8': 0.7112850082372323}","{'6-8': 0.7183664603019442, '3-5': 0.7692307692307693, '2': 0.0, '1': 0.0, '0': 0.0}",0.6045610764642042,0.5806595715835186,1.0265834974430457,1.1852206480477163
10,10,1,8,8,perfect_information,0,R0,P1,1,pre,8213035,Absetzen,8654,8654,3883,1902,8590,3883,1561,2322,30150,4438,1941,4216,1942,"{'8': 6909, '7': 1539, '6': 194, '5': 10, '4': 1, '3': 1}","{'8': 3078, '6': 91, '7': 705, '5': 9}","{'other policy exploration': 4751, 'tactical/HP urgency': 20}",5231.006249999991,5036.562500000031,8894.983831187266,10267.568750000006,8654,8654,0.4486942454356367,0.48982745300025754,0.7158333333333333,0.32358333333333333,7.764614988411022,0.4373591707976566,0.4606261859582543,0.052692921113973744,0,"{'0': 0.0, '1': 0.0, '2': 0.0, '3': 0.0, '4': 0.0, '5': 0.9, '6': 0.4690721649484536, '7': 0.4580896686159844, '8': 0.4455058619192358}","{'6-8': 0.4482758620689655, '3-5': 0.75, '2': 0.0, '1': 0.0, '0': 0.0}",0.604461087358446,0.5819924312456703,1.0278465254434095,1.1864535186041143
10,10,1,8,8,perfect_information,0,R0,P1,1,pre,8213035,Scambiar di Punta,8654,8654,3903,1933,8723,3903,1579,2324,30322,4438,1947,4216,1956,"{'8': 6909, '7': 1539, '6': 194, '5': 10, '4': 1, '3': 1}","{'8': 3099, '7': 712, '6': 89, '5': 1, '4': 1, '3': 1}","{'other policy exploration': 4731, 'tactical/HP urgency': 20}",5231.006249999991,5036.562500000031,8894.983831187266,10267.568750000006,8654,8654,0.4510053154610585,0.49526005636689724,0.7269166666666667,0.32525,7.768895721240072,0.4387111311401532,0.4639468690702087,0.05350877192982456,0,"{'0': 0.0, '1': 0.0, '2': 0.0, '3': 1.0, '4': 1.0, '5': 0.1, '6': 0.4587628865979381, '7': 0.46263807667316437, '8': 0.4485453755970473}","{'6-8': 0.4512844249016431, '3-5': 0.25, '2': 0.0, '1': 0.0, '0': 0.0}",0.604461087358446,0.5819924312456703,1.0278465254434095,1.1864535186041143
10,10,1,8,8,perfect_information,0,R0,P1,1,pre,8213035,Schielhau,5343,5343,3844,1937,6816,3844,333,1055,29804,2322,1589,3021,2255,"{'8': 4242, '7': 967, '6': 126, '5': 7, '2': 1}","{'8': 3012, '7': 726, '6': 99, '5': 6, '2': 1}","{'tactical/HP urgency': 686, 'other policy exploration': 813}",3223.756250000023,3107.0499999999793,5483.167891565457,6330.80625000001,5343,5343,0.719446004117537,0.5039021852237253,0.568,0.32033333333333336,7.753381893860562,0.6843238587424634,0.7464415756372063,0.04181082075818918,0,"{'0': 0.0, '1': 0.0, '2': 1.0, '3': 0.0, '4': 0.0, '5': 0.8571428571428571, '6': 0.7857142857142857, '7': 0.750775594622544, '8': 0.71004243281471}","{'6-8': 0.7192127460168697, '3-5': 0.8571428571428571, '2': 1.0, '1': 0.0, '0': 0.0}",0.6033607055961113,0.5815178738536364,1.0262339306691852,1.1848785794497492
10,10,2,8,8,adaptive_revelation,0,R0,P1,1,pre,8214044,Absetzen,6830,6830,2678,1399,6299,5356,1124,1554,20342,3480,1283,3350,1395,"{'8': 5495, '6': 884, '5': 69, '7': 295, '3': 4, '4': 78, '2': 5}","{'8': 2122, '6': 354, '5': 29, '7': 135, '4': 38}","{'other policy exploration': 4108, 'tactical/HP urgency': 37, 'Spiritus conservation': 7}",4116.312500000041,3977.343749999971,5804.271124036883,8093.656250000013,6830,6830,0.3920937042459737,0.522404779686333,0.5249166666666667,0.44633333333333336,7.59596713965646,0.36867816091954025,0.4164179104477612,0.03859705022702345,0,"{'0': 0.0, '1': 0.0, '2': 0.0, '3': 0.0, '4': 0.48717948717948717, '5': 0.42028985507246375, '6': 0.4004524886877828, '7': 0.4576271186440678, '8': 0.3861692447679709}","{'6-8': 0.39121965837578665, '3-5': 0.44370860927152317, '2': 0.0, '1': 0.0, '0': 0.0}",0.6026811859443691,0.5823343704245931,0.8498200767257514,1.1850155563689624
10,10,2,8,8,adaptive_revelation,0,R0,P1,1,pre,8214044,Scambiar di Punta,6830,6830,2655,1310,5936,5310,1115,1540,20239,3480,1275,3350,1380,"{'8': 5495, '6': 884, '5': 69, '7': 295, '3': 4, '4': 78, '2': 5}","{'8': 2130, '6': 355, '7': 122, '5': 24, '4': 23, '3': 1}","{'other policy exploration': 4131, 'tactical/HP urgency': 37, 'Spiritus conservation': 7}",4116.312500000041,3977.343749999971,5804.271124036883,8093.656250000013,6830,6830,0.38872620790629575,0.4934086629001883,0.49466666666666664,0.4425,7.622975517890772,0.36637931034482757,0.41194029850746267,0.03637277189198463,0,"{'0': 0.0, '1': 0.0, '2': 0.0, '3': 0.25, '4': 0.2948717948717949, '5': 0.34782608695652173, '6': 0.40158371040723984, '7': 0.4135593220338983, '8': 0.38762511373976344}","{'6-8': 0.39062031765058436, '3-5': 0.31788079470198677, '2': 0.0, '1': 0.0, '0': 0.0}",0.6026811859443691,0.5823343704245931,0.8498200767257514,1.1850155563689624
10,10,2,8,8,adaptive_revelation,0,R0,P1,1,pre,8214044,Schielhau,9680,9680,4976,2490,9000,9952,562,1385,38282,4414,2012,5266,2964,"{'6': 946, '8': 8011, '7': 582, '5': 71, '3': 10, '4': 59, '2': 1}","{'6': 507, '8': 4104, '7': 306, '4': 23, '5': 33, '3': 3}","{'other policy exploration': 2613, 'tactical/HP urgency': 2083, 'Spiritus conservation': 8}",5838.921874999944,5639.493750000068,8265.632524682971,11478.415624999949,9680,9680,0.5140495867768595,0.5004019292604501,0.75,0.8293333333333334,7.693327974276527,0.4558223833257816,0.5628560577288264,0.05514739673649961,0,"{'0': 0.0, '1': 0.0, '2': 0.0, '3': 0.3, '4': 0.3898305084745763, '5': 0.4647887323943662, '6': 0.5359408033826638, '7': 0.5257731958762887, '8': 0.5122955935588566}","{'6-8': 0.5154628367753433, '3-5': 0.42142857142857143, '2': 0.0, '1': 0.0, '0': 0.0}",0.6031944085743743,0.5825923295454616,0.8538876575085714,1.1857867381198295
10,10,2,8,8,perfect_information,0,R0,P1,1,pre,8215053,Absetzen,8730,8730,3425,1681,7464,6850,1492,1933,26181,4425,1630,4305,1795,"{'6': 1015, '8': 7139, '7': 395, '4': 99, '5': 75, '3': 4, '2': 3}","{'6': 410, '8': 2788, '7': 161, '5': 29, '4': 34, '3': 3}","{'other policy exploration': 5257, 'Spiritus conservation': 8, 'tactical/HP urgency': 40}",5293.571874999988,5071.3062500000215,7446.819875462229,10364.878124999981,8730,8730,0.39232531500572737,0.4908029197080292,0.622,0.5708333333333333,7.644087591240876,0.36836158192090396,0.4169570267131243,0.04558167938931298,0,"{'0': 0.0, '1': 0.0, '2': 0.0, '3': 0.75, '4': 0.3434343434343434, '5': 0.38666666666666666, '6': 0.4039408866995074, '7': 0.40759493670886077, '8': 0.39053088667880653}","{'6-8': 0.39291145163176977, '3-5': 0.3707865168539326, '2': 0.0, '1': 0.0, '0': 0.0}",0.6063656214203881,0.5809056414662109,0.8530148769143446,1.1872712628865958
10,10,2,8,8,perfect_information,0,R0,P1,1,pre,8215053,Scambiar di Punta,8730,8730,3389,1696,7599,6778,1416,1973,25974,4425,1687,4305,1702,"{'6': 1015, '8': 7139, '7': 395, '4': 99, '5': 75, '3': 4, '2': 3}","{'8': 2784, '7': 165, '6': 380, '4': 28, '5': 30, '2': 1, '3': 1}","{'other policy exploration': 5294, 'Spiritus conservation': 7, 'tactical/HP urgency': 40}",5293.571874999988,5071.3062500000215,7446.819875462229,10364.878124999981,8730,8730,0.3882016036655212,0.5004426084390676,0.63325,0.5648333333333333,7.664207730894069,0.38124293785310737,0.3953542392566783,0.04640610687022901,0,"{'0': 0.0, '1': 0.0, '2': 0.3333333333333333, '3': 0.25, '4': 0.2828282828282828, '5': 0.4, '6': 0.37438423645320196, '7': 0.4177215189873418, '8': 0.38997058411542235}","{'6-8': 0.3894022692712598, '3-5': 0.33146067415730335, '2': 0.3333333333333333, '1': 0.0, '0': 0.0}",0.6063656214203881,0.5809056414662109,0.8530148769143446,1.1872712628865958
10,10,2,8,8,perfect_information,0,R0,P1,1,pre,8215053,Schielhau,5392,5392,2771,1418,5193,5542,285,753,21202,2294,1044,3098,1727,"{'8': 4355, '6': 634, '4': 56, '7': 301, '5': 41, '3': 3, '2': 2}","{'8': 2241, '6': 320, '4': 24, '5': 22, '7': 164}","{'other policy exploration': 1427, 'tactical/HP urgency': 1185, 'Spiritus conservation': 9}",3272.296875000022,3143.0999999999813,4614.290710697646,6415.396875000003,5392,5392,0.5139094955489614,0.5117286178274991,0.43275,0.4618333333333333,7.651389390111873,0.45510026155187444,0.5574564234990317,0.03171297709923664,0,"{'0': 0.0, '1': 0.0, '2': 0.0, '3': 0.0, '4': 0.42857142857142855, '5': 0.5365853658536586, '6': 0.5047318611987381, '7': 0.5448504983388704, '8': 0.514580941446613}","{'6-8': 0.5151228733459358, '3-5': 0.46, '2': 0.0, '1': 0.0, '0': 0.0}",0.606879984235909,0.5829191394658719,0.8557660813608394,1.189799123701781
10,10,1,3,3,adaptive_revelation,0,R0,P1,1,pre,8216062,Absetzen,6970,6966,2906,1453,6440,2906,1184,1722,8085,3578,1487,3392,1419,"{'3': 5397, '2': 1392, '1': 177, '0': 4}","{'3': 2303, '2': 573, '1': 30}","{'other policy exploration': 3917, 'Spiritus conservation': 122, 'insufficient Spiritus': 4, 'tactical/HP urgency': 21}",4230.850000000036,4046.7812499999627,6407.025801900832,8277.631250000026,6970,6966,0.4169296987087518,0.5,0.5366666666666666,0.24216666666666667,2.7821748107364073,0.41559530463946337,0.4183372641509434,0.0397342004109158,4,"{'0': 0.0, '1': 0.1694915254237288, '2': 0.41163793103448276, '3': 0.4267185473411154, '4': 0.0, '5': 0.0, '6': 0.0, '7': 0.0, '8': 0.0}","{'6-8': 0.0, '3-5': 0.4267185473411154, '2': 0.41163793103448276, '1': 0.1694915254237288, '0': 0.0}",0.6070086083213825,0.5805998923959774,0.9197567903963296,1.1876085007173638
10,10,1,3,3,adaptive_revelation,0,R0,P1,1,pre,8216062,Scambiar di Punta,6970,6966,2940,1483,6691,2940,1224,1716,8150,3578,1475,3392,1465,"{'3': 5397, '2': 1392, '1': 177, '0': 4}","{'2': 600, '3': 2305, '1': 35}","{'other policy exploration': 3885, 'Spiritus conservation': 120, 'insufficient Spiritus': 4, 'tactical/HP urgency': 21}",4230.850000000036,4046.7812499999627,6407.025801900832,8277.631250000026,6970,6966,0.4218077474892396,0.504421768707483,0.5575833333333333,0.245,2.772108843537415,0.41224147568474007,0.43189858490566035,0.04128284704183814,4,"{'0': 0.0, '1': 0.1977401129943503, '2': 0.43103448275862066, '3': 0.42708912358717804, '4': 0.0, '5': 0.0, '6': 0.0, '7': 0.0, '8': 0.0}","{'6-8': 0.0, '3-5': 0.42708912358717804, '2': 0.43103448275862066, '1': 0.1977401129943503, '0': 0.0}",0.6070086083213825,0.5805998923959774,0.9197567903963296,1.1876085007173638
10,10,1,3,3,adaptive_revelation,0,R0,P1,1,pre,8216062,Schielhau,9532,9529,5767,2922,10399,5767,588,1584,16276,4406,2535,5126,3232,"{'2': 1577, '3': 7791, '1': 161, '0': 3}","{'2': 963, '3': 4773, '1': 31}","{'tactical/HP urgency': 1646, 'other policy exploration': 1999, 'Spiritus conservation': 117, 'insufficient Spiritus': 3}",5749.521874999958,5540.212500000067,8799.459230003851,11289.734374999933,9532,9529,0.6050146873688628,0.5066759146870123,0.8665833333333334,0.4805833333333333,2.82226460898214,0.5753517930095324,0.6305111197815061,0.06416086181259525,3,"{'0': 0.0, '1': 0.19254658385093168, '2': 0.6106531388712746, '3': 0.6126299576434348, '4': 0.0, '5': 0.0, '6': 0.0, '7': 0.0, '8': 0.0}","{'6-8': 0.0, '3-5': 0.6126299576434348, '2': 0.6106531388712746, '1': 0.19254658385093168, '0': 0.0}",0.6031810611623959,0.5812224611833893,0.9234399443807169,1.1844035223457756
10,10,1,3,3,perfect_information,0,R0,P1,1,pre,8217071,Absetzen,8777,8775,3667,1880,8462,3667,1532,2135,10325,4449,1843,4328,1824,"{'3': 7122, '2': 1482, '1': 171, '0': 2}","{'3': 3022, '2': 614, '1': 31}","{'other policy exploration': 4949, 'Spiritus conservation': 123, 'tactical/HP urgency': 36, 'insufficient Spiritus': 2}",5312.849999999968,5097.318750000023,8101.426879913953,10410.16875,8777,8775,0.4177965136151304,0.5126806653940551,0.7051666666666667,0.3055833333333333,2.8156531224434143,0.4142503933468195,0.4214417744916821,0.05170506968758211,2,"{'0': 0.0, '1': 0.18128654970760233, '2': 0.4143049932523617, '3': 0.4243190115136198, '4': 0.0, '5': 0.0, '6': 0.0, '7': 0.0, '8': 0.0}","{'6-8': 0.0, '3-5': 0.4243190115136198, '2': 0.4143049932523617, '1': 0.18128654970760233, '0': 0.0}",0.605315027913862,0.5807586589951035,0.9232395304745246,1.1860736869089668
10,10,1,3,3,perfect_information,0,R0,P1,1,pre,8217071,Scambiar di Punta,8777,8775,3709,1861,8274,3709,1535,2174,10417,4449,1824,4328,1885,"{'3': 7122, '2': 1482, '1': 171, '0': 2}","{'3': 3038, '2': 632, '1': 39}","{'other policy exploration': 4913, 'Spiritus conservation': 117, 'tactical/HP urgency': 36, 'insufficient Spiritus': 2}",5312.849999999968,5097.318750000023,8101.426879913953,10410.16875,8777,8775,0.4225817477498006,0.5017524939336748,0.6895,0.3090833333333333,2.80857373955244,0.40997977073499664,0.43553604436229204,0.050556339706340624,2,"{'0': 0.0, '1': 0.22807017543859648, '2': 0.42645074224021595, '3': 0.42656557146868856, '4': 0.0, '5': 0.0, '6': 0.0, '7': 0.0, '8': 0.0}","{'6-8': 0.0, '3-5': 0.42656557146868856, '2': 0.42645074224021595, '1': 0.22807017543859648, '0': 0.0}",0.605315027913862,0.5807586589951035,0.9232395304745246,1.1860736869089668
10,10,1,3,3,perfect_information,0,R0,P1,1,pre,8217071,Schielhau,5452,5448,3199,1582,5624,3199,307,883,9001,2325,1288,3127,1911,"{'3': 4396, '2': 937, '1': 115, '0': 4}","{'3': 2625, '2': 552, '1': 22}","{'other policy exploration': 1171, 'tactical/HP urgency': 999, 'Spiritus conservation': 79, 'insufficient Spiritus': 4}",3295.1656250000315,3198.374999999979,5051.3229744676355,6493.540625000028,5452,5448,0.5867571533382245,0.49452954048140046,0.4686666666666667,0.26658333333333334,2.813691778680838,0.5539784946236559,0.6111288775183882,0.034364135183521834,4,"{'0': 0.0, '1': 0.19130434782608696, '2': 0.5891141942369263, '3': 0.5971337579617835, '4': 0.0, '5': 0.0, '6': 0.0, '7': 0.0, '8': 0.0}","{'6-8': 0.0, '3-5': 0.5971337579617835, '2': 0.5891141942369263, '1': 0.19130434782608696, '0': 0.0}",0.6043957492663301,0.5866425165076997,0.9271885048582297,1.191038265774033
10,10,2,3,3,adaptive_revelation,0,R0,P1,1,pre,8218080,Absetzen,6873,6300,1474,707,3167,2948,657,817,4409,3422,698,3451,776,"{'3': 6015, '1': 570, '2': 285, '0': 3}","{'3': 1461, '2': 13}","{'Spiritus conservation': 4183, 'other policy exploration': 643, 'insufficient Spiritus': 573}",4159.5781250000355,3995.087499999964,3749.2687824065756,8154.665625000023,6873,6300,0.21446238905863524,0.4796472184531886,0.2639166666666667,0.24566666666666667,2.9911804613297153,0.20397428404441847,0.2248623587365981,0.01911746951587589,573,"{'0': 0.0, '1': 0.0, '2': 0.0456140350877193, '3': 0.2428927680798005, '4': 0.0, '5': 0.0, '6': 0.0, '7': 0.0, '8': 0.0}","{'6-8': 0.0, '3-5': 0.2428927680798005, '2': 0.0456140350877193, '1': 0.0, '0': 0.0}",0.605205605266992,0.5812727338862163,0.5951220289534247,1.1864783391532117
10,10,2,3,3,adaptive_revelation,0,R0,P1,1,pre,8218080,Scambiar di Punta,6873,6300,1590,795,3542,3180,700,890,4748,3422,773,3451,817,"{'3': 6015, '1': 570, '2': 285, '0': 3}","{'3': 1568, '2': 22}","{'Spiritus conservation': 4111, 'other policy exploration': 599, 'insufficient Spiritus': 573}",4159.5781250000355,3995.087499999964,3749.2687824065756,8154.665625000023,6873,6300,0.23134002618943691,0.5,0.2951666666666667,0.265,2.9861635220125784,0.22589129164231445,0.23674297305128947,0.021381142098273572,573,"{'0': 0.0, '1': 0.0, '2': 0.07719298245614035, '3': 0.2606816292601829, '4': 0.0, '5': 0.0, '6': 0.0, '7': 0.0, '8': 0.0}","{'6-8': 0.0, '3-5': 0.2606816292601829, '2': 0.07719298245614035, '1': 0.0, '0': 0.0}",0.605205605266992,0.5812727338862163,0.5951220289534247,1.1864783391532117
10,10,2,3,3,adaptive_revelation,0,R0,P1,1,pre,8218080,Schielhau,9980,9351,2115,1103,3878,4230,304,538,6333,4368,789,5612,1326,"{'3': 8873, '1': 620, '2': 478, '0': 9}","{'3': 2103, '2': 12}","{'Spiritus conservation': 6337, 'tactical/HP urgency': 443, 'insufficient Spiritus': 629, 'other policy exploration': 456}",6067.343749999941,5813.700000000073,5612.753426624975,11881.043749999964,9980,9351,0.21192384769539077,0.5215130023640662,0.32316666666666666,0.3525,2.9943262411347518,0.18063186813186813,0.23627940128296507,0.023409392732101894,629,"{'0': 0.0, '1': 0.0, '2': 0.02510460251046025, '3': 0.23701115744393103, '4': 0.0, '5': 0.0, '6': 0.0, '7': 0.0, '8': 0.0}","{'6-8': 0.0, '3-5': 0.23701115744393103, '2': 0.02510460251046025, '1': 0.0, '0': 0.0}",0.6079502755510963,0.5825350701402878,0.6002302883782457,1.190485345691379
10,10,2,3,3,perfect_information,0,R0,P1,1,pre,8219089,Absetzen,8921,8212,2020,1004,4547,4040,881,1139,6043,4390,979,4531,1041,"{'3': 7837, '2': 375, '1': 703, '0': 6}","{'2': 17, '3': 2003}","{'Spiritus conservation': 5352, 'insufficient Spiritus': 709, 'other policy exploration': 838, 'tactical/HP urgency': 2}",5400.578124999985,5178.743750000025,4887.094984786275,10579.321874999989,8921,8212,0.22643201434816723,0.497029702970297,0.3789166666666667,0.33666666666666667,2.991584158415842,0.22300683371298405,0.22975060693003752,0.027349059894862204,709,"{'0': 0.0, '1': 0.0, '2': 0.04533333333333334, '3': 0.255582493301008, '4': 0.0, '5': 0.0, '6': 0.0, '7': 0.0, '8': 0.0}","{'6-8': 0.0, '3-5': 0.255582493301008, '2': 0.04533333333333334, '1': 0.0, '0': 0.0}",0.6053781106378192,0.5805115738145976,0.5951162913767992,1.1858896844524145
10,10,2,3,3,perfect_information,0,R0,P1,1,pre,8219089,Scambiar di Punta,8921,8212,2059,1027,4637,4118,924,1135,6152,4390,962,4531,1097,"{'3': 7837, '2': 375, '1': 703, '0': 6}","{'3': 2034, '2': 25}","{'Spiritus conservation': 5337, 'other policy exploration': 814, 'insufficient Spiritus': 709, 'tactical/HP urgency': 2}",5400.578124999985,5178.743750000025,4887.094984786275,10579.321874999989,8921,8212,0.2308037215558794,0.49878581835842645,0.3864166666666667,0.3431666666666667,2.9878581835842644,0.21913439635535306,0.24210990951224895,0.027890387229486703,709,"{'0': 0.0, '1': 0.0, '2': 0.06666666666666667, '3': 0.2595380885542937, '4': 0.0, '5': 0.0, '6': 0.0, '7': 0.0, '8': 0.0}","{'6-8': 0.0, '3-5': 0.2595380885542937, '2': 0.06666666666666667, '1': 0.0, '0': 0.0}",0.6053781106378192,0.5805115738145976,0.5951162913767992,1.1858896844524145
10,10,2,3,3,perfect_information,0,R0,P1,1,pre,8219089,Schielhau,5646,5220,1207,601,2128,2414,164,343,3617,2274,418,3372,789,"{'3': 4964, '2': 256, '1': 424, '0': 2}","{'3': 1203, '2': 4}","{'Spiritus conservation': 3502, 'insufficient Spiritus': 426, 'tactical/HP urgency': 263, 'other policy exploration': 248}",3414.6968750000337,3311.0749999999666,3135.631987335367,6725.771875000014,5646,5220,0.21377966702089976,0.4979287489643745,0.17733333333333334,0.20116666666666666,2.996685998342999,0.1838170624450308,0.23398576512455516,0.01279938408978816,426,"{'0': 0.0, '1': 0.0, '2': 0.015625, '3': 0.24234488315874295, '4': 0.0, '5': 0.0, '6': 0.0, '7': 0.0, '8': 0.0}","{'6-8': 0.0, '3-5': 0.24234488315874295, '2': 0.015625, '1': 0.0, '0': 0.0}",0.6047993048175759,0.5864461565710178,0.600695783014438,1.191245461388596
14,14,1,8,8,adaptive_revelation,0,R0,P1,1,pre,8220098,Absetzen,8096,8096,3882,2719,12129,3882,1139,2743,29358,5059,2385,3037,1497,"{'8': 5293, '6': 517, '7': 2227, '5': 56, '4': 3}","{'8': 2506, '7': 1084, '6': 264, '5': 26, '4': 2}","{'other policy exploration': 4211, 'tactical/HP urgency': 3}",6240.4068928263705,6600.509999999584,12149.2467793014,13448.089374999327,8096,8096,0.47949604743083,0.7004121586810922,1.01075,0.3235,7.562596599690881,0.4714370428938525,0.49292064537372404,0.07380565545190675,0,"{'0': 0.0, '1': 0.0, '2': 0.0, '3': 0.0, '4': 0.6666666666666666, '5': 0.4642857142857143, '6': 0.5106382978723404, '7': 0.48675348001796137, '8': 0.4734555072737578}","{'6-8': 0.47953216374269003, '3-5': 0.4745762711864407, '2': 0.0, '1': 0.0, '0': 0.0}",0.7708012466435734,0.8152803853754427,1.5006480705658845,1.66107823307798
14,14,1,8,8,adaptive_revelation,0,R0,P1,1,pre,8220098,Scambiar di Punta,8096,8096,3975,2803,12658,3975,1159,2816,30123,5059,2493,3037,1482,"{'8': 5293, '6': 517, '7': 2227, '5': 56, '4': 3}","{'8': 2607, '6': 246, '7': 1091, '5': 30, '4': 1}","{'other policy exploration': 4118, 'tactical/HP urgency': 3}",6240.4068928263705,6600.509999999584,12149.2467793014,13448.089374999327,8096,8096,0.49098320158102765,0.7051572327044026,1.0548333333333333,0.33125,7.57811320754717,0.4927851354022534,0.48798156075074084,0.07702465056560605,0,"{'0': 0.0, '1': 0.0, '2': 0.0, '3': 0.0, '4': 0.3333333333333333, '5': 0.5357142857142857, '6': 0.4758220502901354, '7': 0.48989672204759765, '8': 0.4925373134328358}","{'6-8': 0.4907303720293642, '3-5': 0.5254237288135594, '2': 0.0, '1': 0.0, '0': 0.0}",0.7708012466435734,0.8152803853754427,1.5006480705658845,1.66107823307798
14,14,1,8,8,adaptive_revelation,0,R0,P1,1,pre,8220098,Schielhau,9363,9363,7978,5606,17256,7978,639,1463,61057,5942,4931,3421,3047,"{'7': 2201, '8': 6729, '6': 387, '5': 45, '4': 1}","{'7': 1938, '8': 5648, '6': 348, '5': 43, '4': 1}","{'tactical/HP urgency': 859, 'other policy exploration': 526}",7337.5502874834,7541.353749999455,13868.870392814155,15361.766874999128,9363,9363,0.8520773256434904,0.7026823765354725,1.438,0.6648333333333334,7.653171220857358,0.8298552675866712,0.8906752411575563,0.10500374231000931,0,"{'0': 0.0, '1': 0.0, '2': 0.0, '3': 0.0, '4': 1.0, '5': 0.9555555555555556, '6': 0.8992248062015504, '7': 0.8805088596092685, '8': 0.8393520582553128}","{'6-8': 0.8515616614790168, '3-5': 0.9565217391304348, '2': 0.0, '1': 0.0, '0': 0.0}",0.783675134837488,0.8054420324681678,1.4812421652049723,1.640688548008024
14,14,1,8,8,perfect_information,0,R0,P1,1,pre,8221107,Absetzen,9100,9100,4434,3097,14024,4434,0,4434,34281,6244,3033,2856,1401,"{'8': 6981, '7': 1824, '6': 268, '5': 27}","{'8': 3401, '7': 890, '6': 128, '5': 15}","{'other policy exploration': 4662, 'tactical/HP urgency': 4}",3948.5275017038207,7391.11624999947,13596.441157604617,15043.476874999096,9100,9100,0.48725274725274725,0.6984663960306721,1.1686666666666667,0.3695,7.7313937753721245,0.48574631646380523,0.49054621848739494,0.08142930967408535,0,"{'0': 0.0, '1': 0.0, '2': 0.0, '3': 0.0, '4': 0.0, '5': 0.5555555555555556, '6': 0.47761194029850745, '7': 0.48793859649122806, '8': 0.48717948717948717}","{'6-8': 0.487049487490356, '3-5': 0.5555555555555556, '2': 0.0, '1': 0.0, '0': 0.0}",0.4339041210663539,0.8122105769230187,1.4941144129235842,1.6531293269229776
14,14,1,8,8,perfect_information,0,R0,P1,1,pre,8221107,Scambiar di Punta,9100,9100,4481,3140,14076,4481,0,4481,34637,6244,3052,2856,1429,"{'8': 6981, '7': 1824, '6': 268, '5': 27}","{'7': 903, '8': 3430, '6': 136, '5': 12}","{'other policy exploration': 4615, 'tactical/HP urgency': 4}",3948.5275017038207,7391.11624999947,13596.441157604617,15043.476874999096,9100,9100,0.49241758241758243,0.7007364427583129,1.173,0.3734166666666667,7.729747824146396,0.48878923766816146,0.5003501400560224,0.08173124379438286,0,"{'0': 0.0, '1': 0.0, '2': 0.0, '3': 0.0, '4': 0.0, '5': 0.4444444444444444, '6': 0.5074626865671642, '7': 0.49506578947368424, '8': 0.49133361982523993}","{'6-8': 0.4925603438774386, '3-5': 0.4444444444444444, '2': 0.0, '1': 0.0, '0': 0.0}",0.4339041210663539,0.8122105769230187,1.4941144129235842,1.6531293269229776
14,14,1,8,8,perfect_information,0,R0,P1,1,pre,8221107,Schielhau,4874,4874,4287,3001,9342,4287,0,1016,33121,3197,2748,1677,1539,"{'8': 3751, '7': 973, '6': 139, '5': 11}","{'8': 3264, '7': 882, '6': 130, '5': 11}","{'tactical/HP urgency': 440, 'other policy exploration': 147}",2119.830488730818,3963.854999999779,7300.957215317188,8075.283124999802,4874,4874,0.8795650389823554,0.7000233263354327,0.7785,0.35725,7.725915558665734,0.8595558335939943,0.9177101967799642,0.05424362599652776,0,"{'0': 0.0, '1': 0.0, '2': 0.0, '3': 0.0, '4': 0.0, '5': 1.0, '6': 0.935251798561151, '7': 0.9064748201438849, '8': 0.8701679552119435}","{'6-8': 0.8792926177256838, '3-5': 1.0, '2': 0.0, '1': 0.0, '0': 0.0}",0.4349262389681613,0.8132652851866596,1.4979395189407443,1.656808191423841
14,14,2,8,8,adaptive_revelation,0,R0,P1,1,pre,8222116,Absetzen,8030,8030,3670,2583,11559,7340,1092,2578,27124,4958,2228,3072,1442,"{'8': 5499, '5': 233, '6': 1349, '7': 775, '4': 143, '3': 27, '2': 4}","{'8': 2495, '6': 617, '5': 114, '7': 375, '4': 61, '3': 7, '2': 1}","{'other policy exploration': 4353, 'Spiritus conservation': 3, 'tactical/HP urgency': 4}",6215.6735839396615,6533.992499999585,10574.625653300947,13311.116874999372,8030,8030,0.45703611457036114,0.7038147138964578,0.96325,0.6116666666666667,7.390735694822888,0.44937474788221055,0.4694010416666667,0.07009957912355816,0,"{'0': 0.0, '1': 0.0, '2': 0.25, '3': 0.25925925925925924, '4': 0.42657342657342656, '5': 0.4892703862660944, '6': 0.4573758339510749, '7': 0.4838709677419355, '8': 0.4537188579741771}","{'6-8': 0.4574314574314574, '3-5': 0.45161290322580644, '2': 0.25, '1': 0.0, '0': 0.0}",0.7740564861693228,0.8136976961394252,1.3168898696514255,1.6576733343710301
14,14,2,8,8,adaptive_revelation,0,R0,P1,1,pre,8222116,Scambiar di Punta,8030,8030,3708,2621,11780,7416,1114,2594,27398,4958,2255,3072,1453,"{'8': 5499, '5': 233, '6': 1349, '7': 775, '4': 143, '3': 27, '2': 4}","{'5': 101, '8': 2547, '6': 635, '7': 342, '4': 64, '3': 19}","{'other policy exploration': 4314, 'Spiritus conservation': 4, 'tactical/HP urgency': 4}",6215.6735839396615,6533.992499999585,10574.625653300947,13311.116874999372,8030,8030,0.46176836861768367,0.7068500539374326,0.9816666666666667,0.618,7.388888888888889,0.45482049213392495,0.4729817708333333,0.07143983407522408,0,"{'0': 0.0, '1': 0.0, '2': 0.0, '3': 0.7037037037037037, '4': 0.44755244755244755, '5': 0.4334763948497854, '6': 0.47071905114899926, '7': 0.44129032258064516, '8': 0.46317512274959083}","{'6-8': 0.4622851895579168, '3-5': 0.456575682382134, '2': 0.0, '1': 0.0, '0': 0.0}",0.7740564861693228,0.8136976961394252,1.3168898696514255,1.6576733343710301
14,14,2,8,8,adaptive_revelation,0,R0,P1,1,pre,8222116,Schielhau,9340,9339,6599,4587,14117,13198,577,1276,49500,5876,3948,3464,2651,"{'8': 6824, '7': 1007, '6': 1189, '5': 180, '4': 115, '3': 22, '1': 1, '2': 2}","{'8': 4755, '7': 753, '6': 849, '5': 142, '4': 85, '3': 15}","{'tactical/HP urgency': 1710, 'other policy exploration': 1029, 'insufficient Spiritus': 1, 'Spiritus conservation': 1}",7326.260153967072,7531.728749999446,12176.115069680534,15321.127499999078,9340,9339,0.7065310492505353,0.6951053189877254,1.1764166666666667,1.0998333333333334,7.501136535838763,0.6718856364874064,0.7653002309468823,0.08561257535143789,1,"{'0': 0.0, '1': 0.0, '2': 0.0, '3': 0.6818181818181818, '4': 0.7391304347826086, '5': 0.7888888888888889, '6': 0.7140454163162321, '7': 0.7477656405163853, '8': 0.6968053927315357}","{'6-8': 0.7047671840354767, '3-5': 0.7634069400630915, '2': 0.0, '1': 0.0, '0': 0.0}",0.7843961620949756,0.8063949411134311,1.303792169362944,1.6403776766594302
14,14,2,8,8,perfect_information,0,R0,P1,1,pre,8223125,Absetzen,9060,9060,4324,3080,13916,8648,0,4324,32816,6257,3000,2803,1324,"{'8': 7108, '6': 1388, '7': 360, '4': 124, '5': 72, '2': 4, '3': 4}","{'8': 3426, '6': 640, '4': 57, '7': 170, '5': 29, '3': 1, '2': 1}","{'other policy exploration': 4729, 'Spiritus conservation': 3, 'tactical/HP urgency': 4}",3944.3248189131627,7343.323749999496,11936.639788187527,14979.229999999181,9060,9060,0.47726269315673286,0.7123034227567068,1.1596666666666666,0.7206666666666667,7.589269195189639,0.479463001438389,0.4723510524438102,0.08068509273915338,0,"{'0': 0.0, '1': 0.0, '2': 0.25, '3': 0.25, '4': 0.4596774193548387, '5': 0.4027777777777778, '6': 0.4610951008645533, '7': 0.4722222222222222, '8': 0.4819921215531795}","{'6-8': 0.47831978319783197, '3-5': 0.435, '2': 0.25, '1': 0.0, '0': 0.0}",0.43535594027739105,0.8105213852096573,1.3175099103959744,1.6533366445915212
14,14,2,8,8,perfect_information,0,R0,P1,1,pre,8223125,Scambiar di Punta,9060,9060,4309,2994,13466,8618,0,4309,32525,6257,2919,2803,1390,"{'8': 7108, '6': 1388, '7': 360, '4': 124, '5': 72, '2': 4, '3': 4}","{'8': 3336, '6': 696, '7': 173, '4': 60, '5': 40, '3': 2, '2': 2}","{'other policy exploration': 4746, 'Spiritus conservation': 1, 'tactical/HP urgency': 4}",3944.3248189131627,7343.323749999496,11936.639788187527,14979.229999999181,9060,9060,0.47560706401766006,0.6948247853330239,1.1221666666666668,0.7181666666666666,7.5481550243676026,0.4665175003995525,0.4958972529432751,0.07807598870547854,0,"{'0': 0.0, '1': 0.0, '2': 0.5, '3': 0.5, '4': 0.4838709677419355, '5': 0.5555555555555556, '6': 0.5014409221902018, '7': 0.48055555555555557, '8': 0.46933033202025887}","{'6-8': 0.4748193315266486, '3-5': 0.51, '2': 0.5, '1': 0.0, '0': 0.0}",0.43535594027739105,0.8105213852096573,1.3175099103959744,1.6533366445915212
14,14,2,8,8,perfect_information,0,R0,P1,1,pre,8223125,Schielhau,4811,4811,3570,2509,7649,7140,0,1036,27082,3181,2289,1630,1281,"{'6': 688, '8': 3801, '4': 74, '7': 202, '5': 38, '2': 5, '3': 3}","{'6': 519, '8': 2821, '7': 151, '4': 50, '5': 28, '3': 1}","{'other policy exploration': 324, 'tactical/HP urgency': 912, 'Spiritus conservation': 5}",2093.9180638238217,3898.746249999791,6334.344323701105,7951.4049999998015,4811,4811,0.7420494699646644,0.7028011204481792,0.6374166666666666,0.595,7.585994397759103,0.7195850361521534,0.7858895705521473,0.04434897056350849,0,"{'0': 0.0, '1': 0.0, '2': 0.0, '3': 0.3333333333333333, '4': 0.6756756756756757, '5': 0.7368421052631579, '6': 0.7543604651162791, '7': 0.7475247524752475, '8': 0.7421731123388582}","{'6-8': 0.7441910040503091, '3-5': 0.6869565217391305, '2': 0.0, '1': 0.0, '0': 0.0}",0.43523551524086923,0.8103816774059013,1.3166377725423208,1.65275514446057
14,14,1,3,3,adaptive_revelation,0,R0,P1,1,pre,8224134,Absetzen,8180,8142,3792,2663,11876,3792,1254,2538,9949,4979,2306,3201,1486,"{'3': 5498, '2': 2167, '1': 477, '0': 38}","{'2': 1041, '3': 2558, '1': 193}","{'other policy exploration': 4292, 'insufficient Spiritus': 38, 'Spiritus conservation': 57, 'tactical/HP urgency': 1}",6587.595577330351,6658.601249999555,11187.126287555333,13613.337499999328,8180,8142,0.4635696821515892,0.7022679324894515,0.9896666666666667,0.316,2.623681434599156,0.4631452098815023,0.4642299281474539,0.07190994907690537,38,"{'0': 0.0, '1': 0.40461215932914046, '2': 0.48038763267189666, '3': 0.46526009457984724, '4': 0.0, '5': 0.0, '6': 0.0, '7': 0.0, '8': 0.0}","{'6-8': 0.0, '3-5': 0.46526009457984724, '2': 0.48038763267189666, '1': 0.40461215932914046, '0': 0.0}",0.8053295326809721,0.8140099327627818,1.3740022460765577,1.6642221882639765
14,14,1,3,3,adaptive_revelation,0,R0,P1,1,pre,8224134,Scambiar di Punta,8180,8142,3819,2661,11996,3819,1231,2588,10091,4979,2346,3201,1473,"{'3': 5498, '2': 2167, '1': 477, '0': 38}","{'3': 2620, '2': 1032, '1': 167}","{'other policy exploration': 4255, 'insufficient Spiritus': 38, 'Spiritus conservation': 67, 'tactical/HP urgency': 1}",6587.595577330351,6658.601249999555,11187.126287555333,13613.337499999328,8180,8142,0.46687041564792175,0.6967792615868028,0.9996666666666667,0.31825,2.6423147420790785,0.47117895159670614,0.46016869728209936,0.07263655684797549,38,"{'0': 0.0, '1': 0.350104821802935, '2': 0.47623442547300415, '3': 0.476536922517279, '4': 0.0, '5': 0.0, '6': 0.0, '7': 0.0, '8': 0.0}","{'6-8': 0.0, '3-5': 0.476536922517279, '2': 0.47623442547300415, '1': 0.350104821802935, '0': 0.0}",0.8053295326809721,0.8140099327627818,1.3740022460765577,1.6642221882639765
14,14,1,3,3,adaptive_revelation,0,R0,P1,1,pre,8224134,Schielhau,9531,9509,7270,5058,15878,7270,633,1356,19896,5905,4488,3626,2782,"{'3': 7001, '2': 2136, '1': 372, '0': 22}","{'3': 5484, '2': 1658, '1': 128}","{'tactical/HP urgency': 1391, 'other policy exploration': 778, 'insufficient Spiritus': 22, 'Spiritus conservation': 70}",7672.44268750162,7712.074999999469,13040.974641789915,15707.05062499912,9531,9509,0.7627741055503096,0.6957359009628611,1.3231666666666666,0.6058333333333333,2.736726272352132,0.7600338696020322,0.7672366243794815,0.0961423182420936,22,"{'0': 0.0, '1': 0.34408602150537637, '2': 0.7762172284644194, '3': 0.7833166690472789, '4': 0.0, '5': 0.0, '6': 0.0, '7': 0.0, '8': 0.0}","{'6-8': 0.0, '3-5': 0.7833166690472789, '2': 0.7762172284644194, '1': 0.34408602150537637, '0': 0.0}",0.804998708163007,0.8091569614940163,1.3714349186864987,1.6479960785855754
14,14,1,3,3,perfect_information,0,R0,P1,1,pre,8225143,Absetzen,9443,9422,4558,3164,14260,4558,50,4508,12539,6317,3071,3126,1487,"{'3': 7240, '2': 1902, '1': 280, '0': 21}","{'3': 3535, '2': 911, '1': 112}","{'other policy exploration': 4828, 'insufficient Spiritus': 21, 'Spiritus conservation': 33, 'tactical/HP urgency': 3}",4588.599774268809,7694.627499999465,13121.786327008098,15707.597499999138,9443,9422,0.48268558720745525,0.6941641070645019,1.1883333333333332,0.37983333333333336,2.750987275120667,0.4861484882064271,0.47568777991042865,0.0827914537854157,21,"{'0': 0.0, '1': 0.4, '2': 0.47896950578338593, '3': 0.4882596685082873, '4': 0.0, '5': 0.0, '6': 0.0, '7': 0.0, '8': 0.0}","{'6-8': 0.0, '3-5': 0.4882596685082873, '2': 0.47896950578338593, '1': 0.4, '0': 0.0}",0.4859260589080598,0.8148498888064667,1.3926752628962107,1.6634117865084335
14,14,1,3,3,perfect_information,0,R0,P1,1,pre,8225143,Scambiar di Punta,9443,9422,4503,3214,14378,4503,50,4453,12329,6317,2989,3126,1514,"{'3': 7240, '2': 1902, '1': 280, '0': 21}","{'3': 3446, '2': 934, '1': 123}","{'other policy exploration': 4892, 'insufficient Spiritus': 21, 'Spiritus conservation': 24, 'tactical/HP urgency': 3}",4588.599774268809,7694.627499999465,13121.786327008098,15707.597499999138,9443,9422,0.4768611670020121,0.7137463912946924,1.1981666666666666,0.37525,2.7379524761270266,0.4731676428684502,0.48432501599488165,0.08347654435671156,21,"{'0': 0.0, '1': 0.4392857142857143, '2': 0.491062039957939, '3': 0.4759668508287293, '4': 0.0, '5': 0.0, '6': 0.0, '7': 0.0, '8': 0.0}","{'6-8': 0.0, '3-5': 0.4759668508287293, '2': 0.491062039957939, '1': 0.4392857142857143, '0': 0.0}",0.4859260589080598,0.8148498888064667,1.3926752628962107,1.6634117865084335
14,14,1,3,3,perfect_information,0,R0,P1,1,pre,8225143,Schielhau,4791,4784,3745,2665,8497,3745,8,1023,10350,3069,2384,1722,1361,"{'3': 3644, '1': 138, '2': 1002, '0': 7}","{'3': 2908, '2': 789, '1': 48}","{'Spiritus conservation': 16, 'tactical/HP urgency': 743, 'other policy exploration': 280, 'insufficient Spiritus': 7}",2322.7933997416535,3891.8424999997956,6619.277808754676,7925.0806249997995,4791,4784,0.7816739720308913,0.7116154873164219,0.7080833333333333,0.3120833333333333,2.7636849132176233,0.7768002606712284,0.7903600464576074,0.049332326985601485,7,"{'0': 0.0, '1': 0.34782608695652173, '2': 0.7874251497005988, '3': 0.7980241492864983, '4': 0.0, '5': 0.0, '6': 0.0, '7': 0.0, '8': 0.0}","{'6-8': 0.0, '3-5': 0.7980241492864983, '2': 0.7874251497005988, '1': 0.34782608695652173, '0': 0.0}",0.4848243372451792,0.8123236276351066,1.383628304505576,1.654160013567063
14,14,2,3,3,adaptive_revelation,0,R0,P1,1,pre,8226152,Absetzen,8313,7013,2476,1704,7640,4952,788,1688,7325,5031,1628,3282,848,"{'3': 6222, '1': 1242, '2': 791, '0': 58}","{'3': 2373, '2': 103}","{'other policy exploration': 3908, 'insufficient Spiritus': 1300, 'Spiritus conservation': 615, 'tactical/HP urgency': 14}",6625.0882992124525,6768.089999999534,7116.313002438342,13793.233124999324,8313,7013,0.29784674606038736,0.6882067851373183,0.6366666666666667,0.4126666666666667,2.958400646203554,0.3235937189425562,0.2583790371724558,0.04487861040784318,1300,"{'0': 0.0, '1': 0.0, '2': 0.1302149178255373, '3': 0.38138862102217935, '4': 0.0, '5': 0.0, '6': 0.0, '7': 0.0, '8': 0.0}","{'6-8': 0.0, '3-5': 0.38138862102217935, '2': 0.1302149178255373, '1': 0.0, '0': 0.0}",0.796955166511783,0.8141573439191067,1.0147316415853902,1.659236512089417
14,14,2,3,3,adaptive_revelation,0,R0,P1,1,pre,8226152,Scambiar di Punta,8313,7013,2462,1716,7773,4924,800,1662,7268,5031,1637,3282,825,"{'3': 6222, '1': 1242, '2': 791, '0': 58}","{'3': 2344, '2': 118}","{'other policy exploration': 3934, 'insufficient Spiritus': 1300, 'Spiritus conservation': 603, 'tactical/HP urgency': 14}",6625.0882992124525,6768.089999999534,7116.313002438342,13793.233124999324,8313,7013,0.29616263683387467,0.6969943135662063,0.64775,0.4103333333333333,2.9520714865962634,0.3253826277082091,0.2513711151736746,0.045659874175414276,1300,"{'0': 0.0, '1': 0.0, '2': 0.14917825537294563, '3': 0.37672774027643846, '4': 0.0, '5': 0.0, '6': 0.0, '7': 0.0, '8': 0.0}","{'6-8': 0.0, '3-5': 0.37672774027643846, '2': 0.14917825537294563, '1': 0.0, '0': 0.0}",0.796955166511783,0.8141573439191067,1.0147316415853902,1.659236512089417
14,14,2,3,3,adaptive_revelation,0,R0,P1,1,pre,8226152,Schielhau,9993,8805,3331,2298,7326,6662,412,751,9898,5878,2030,4115,1301,"{'3': 7717, '1': 1140, '2': 1088, '0': 48}","{'3': 3236, '2': 95}","{'other policy exploration': 1866, 'tactical/HP urgency': 2726, 'insufficient Spiritus': 1188, 'Spiritus conservation': 882}",8007.898015947555,8117.121249999452,8930.441881854951,16531.353124999143,9993,8805,0.3333333333333333,0.6898829180426298,0.6105,0.5551666666666667,2.9714800360252176,0.34535556311670634,0.3161603888213852,0.043034123016735495,1188,"{'0': 0.0, '1': 0.0, '2': 0.08731617647058823, '3': 0.4193339380588312, '4': 0.0, '5': 0.0, '6': 0.0, '7': 0.0, '8': 0.0}","{'6-8': 0.0, '3-5': 0.4193339380588312, '2': 0.08731617647058823, '1': 0.0, '0': 0.0}",0.8013507471177379,0.8122807215049986,1.0142466646059003,1.65429331782239
14,14,2,3,3,perfect_information,0,R0,P1,1,pre,8227161,Absetzen,9329,7996,3360,2355,10729,6720,216,3144,10000,6238,2410,3091,950,"{'3': 7645, '1': 1285, '2': 351, '0': 48}","{'3': 3280, '2': 80}","{'insufficient Spiritus': 1333, 'Spiritus conservation': 220, 'other policy exploration': 4405, 'tactical/HP urgency': 11}",4817.656093752051,7583.572499999438,8406.849747625167,15439.873749999131,9329,7996,0.3601672204952299,0.7008928571428571,0.8940833333333333,0.56,2.9761904761904763,0.38634177621032384,0.30734390164995146,0.060598016401961004,1333,"{'0': 0.0, '1': 0.0, '2': 0.22792022792022792, '3': 0.4290385873119686, '4': 0.0, '5': 0.0, '6': 0.0, '7': 0.0, '8': 0.0}","{'6-8': 0.0, '3-5': 0.4290385873119686, '2': 0.22792022792022792, '1': 0.0, '0': 0.0}",0.516417203746602,0.812903044270494,1.0513819094078498,1.6550405992066815
14,14,2,3,3,perfect_information,0,R0,P1,1,pre,8227161,Scambiar di Punta,9329,7996,3268,2281,10212,6536,224,3044,9750,6238,2378,3091,890,"{'3': 7645, '1': 1285, '2': 351, '0': 48}","{'3': 3214, '2': 54}","{'other policy exploration': 4487, 'insufficient Spiritus': 1333, 'Spiritus conservation': 230, 'tactical/HP urgency': 11}",4817.656093752051,7583.572499999438,8406.849747625167,15439.873749999131,9329,7996,0.35030549898167007,0.6979804161566707,0.851,0.5446666666666666,2.9834761321909427,0.38121192689964734,0.28793270786153347,0.057677970313806115,1333,"{'0': 0.0, '1': 0.0, '2': 0.15384615384615385, '3': 0.42040549378678876, '4': 0.0, '5': 0.0, '6': 0.0, '7': 0.0, '8': 0.0}","{'6-8': 0.0, '3-5': 0.42040549378678876, '2': 0.15384615384615385, '1': 0.0, '0': 0.0}",0.516417203746602,0.812903044270494,1.0513819094078498,1.6550405992066815
14,14,2,3,3,perfect_information,0,R0,P1,1,pre,8227161,Schielhau,4885,4182,1928,1359,4229,3856,41,654,5756,3078,1250,1807,678,"{'3': 3964, '1': 678, '0': 25, '2': 218}","{'3': 1900, '2': 28}","{'other policy exploration': 608, 'tactical/HP urgency': 1502, 'insufficient Spiritus': 703, 'Spiritus conservation': 144}",2530.4635025780626,3988.4687499997826,4433.288625817785,8133.8118749997875,4885,4182,0.3946775844421699,0.7048755186721992,0.35241666666666666,0.32133333333333336,2.9854771784232366,0.4061078622482131,0.375207526286663,0.023885638117615165,703,"{'0': 0.0, '1': 0.0, '2': 0.12844036697247707, '3': 0.479313824419778, '4': 0.0, '5': 0.0, '6': 0.0, '7': 0.0, '8': 0.0}","{'6-8': 0.0, '3-5': 0.479313824419778, '2': 0.12844036697247707, '1': 0.0, '0': 0.0}",0.5180068582554888,0.8164726202660763,1.060088145819652,1.665058725690847
18,18,1,8,8,adaptive_revelation,0,R0,P1,1,pre,8228170,Absetzen,9152,9152,4514,4066,18392,4514,1139,3375,33908,6631,3289,2521,1225,"{'8': 5498, '7': 2913, '6': 679, '5': 60, '4': 2}","{'8': 2713, '7': 1434, '6': 331, '5': 36}",{'other policy exploration': 4638},8037.855147693232,9553.55624999916,18019.089448598894,19491.434999998586,9152,9152,0.4932255244755245,0.900753212228622,1.5326666666666666,0.37616666666666665,7.5117412494461675,0.4960036193635952,0.48591828639428797,0.10944361797084201,0,"{'0': 0.0, '1': 0.0, '2': 0.0, '3': 0.0, '4': 0.0, '5': 0.6, '6': 0.48748159057437407, '7': 0.4922760041194645, '8': 0.4934521644234267}","{'6-8': 0.4926292629262926, '3-5': 0.5806451612903226, '2': 0.0, '1': 0.0, '0': 0.0}",0.8782621446343128,1.0438763385051528,1.9688690394011028,2.129745957167678
18,18,1,8,8,adaptive_revelation,0,R0,P1,1,pre,8228170,Scambiar di Punta,9152,9152,4536,4095,18677,4536,1209,3327,34053,6631,3246,2521,1290,"{'8': 5498, '7': 2913, '6': 679, '5': 60, '4': 2}","{'8': 2701, '6': 346, '7': 1463, '5': 24, '4': 2}",{'other policy exploration': 4616},8037.855147693232,9553.55624999916,18019.089448598894,19491.434999998586,9152,9152,0.4956293706293706,0.9027777777777778,1.5564166666666666,0.378,7.507275132275132,0.4895189262554667,0.5117017056723523,0.11113954180303481,0,"{'0': 0.0, '1': 0.0, '2': 0.0, '3': 0.0, '4': 1.0, '5': 0.4, '6': 0.5095729013254786, '7': 0.5022313765877102, '8': 0.49126955256456895}","{'6-8': 0.4961496149614962, '3-5': 0.41935483870967744, '2': 0.0, '1': 0.0, '0': 0.0}",0.8782621446343128,1.0438763385051528,1.9688690394011028,2.129745957167678
18,18,1,8,8,adaptive_revelation,0,R0,P1,1,pre,8228170,Schielhau,9693,9693,8735,7883,20974,8735,604,1732,66335,7332,6534,2361,2201,"{'7': 2649, '8': 6485, '6': 506, '5': 52, '4': 1}","{'7': 2450, '8': 5763, '6': 472, '5': 49, '4': 1}","{'other policy exploration': 197, 'tactical/HP urgency': 761}",8986.15685147229,10017.382499999041,18795.38532012672,20346.44062499831,9693,9693,0.9011657897451769,0.9024613623354322,1.7478333333333333,0.7279166666666667,7.594161419576417,0.8911620294599017,0.9322321050402372,0.12480809282951502,0,"{'0': 0.0, '1': 0.0, '2': 0.0, '3': 0.0, '4': 1.0, '5': 0.9423076923076923, '6': 0.932806324110672, '7': 0.9248773121932805, '8': 0.8886661526599846}","{'6-8': 0.9009336099585062, '3-5': 0.9433962264150944, '2': 0.0, '1': 0.0, '0': 0.0}",0.9270769474334354,1.0334656453109503,1.939067917066617,2.099086002785341
18,18,1,8,8,perfect_information,0,R0,P1,1,pre,8229179,Absetzen,10255,10255,5163,4662,20907,5163,0,5163,39783,8165,4094,2090,1069,"{'8': 7612, '7': 2294, '6': 326, '5': 22, '4': 1}","{'8': 3828, '7': 1165, '6': 155, '5': 14, '4': 1}",{'other policy exploration': 5092},1398.0807395418256,10710.922499999006,20218.35277549671,21850.818749998172,10255,10255,0.5034617259873233,0.9029633933759442,1.74225,0.43025,7.705403834979663,0.5014084507042254,0.5114832535885168,0.11465816981276941,0,"{'0': 0.0, '1': 0.0, '2': 0.0, '3': 0.0, '4': 1.0, '5': 0.6363636363636364, '6': 0.4754601226993865, '7': 0.507846556233653, '8': 0.5028901734104047}","{'6-8': 0.50312744331509, '3-5': 0.6521739130434783, '2': 0.0, '1': 0.0, '0': 0.0}",0.13633161770276211,1.0444585568014633,1.9715604851776412,2.1307478059481397
18,18,1,8,8,perfect_information,0,R0,P1,1,pre,8229179,Scambiar di Punta,10255,10255,5042,4537,20322,5042,0,5042,38856,8165,4024,2090,1018,"{'8': 7612, '7': 2294, '6': 326, '5': 22, '4': 1}","{'8': 3747, '7': 1118, '6': 169, '5': 8}",{'other policy exploration': 5213},1398.0807395418256,10710.922499999006,20218.35277549671,21850.818749998172,10255,10255,0.4916626036079961,0.8998413328044427,1.6935,0.4201666666666667,7.706465688218961,0.49283527250459275,0.48708133971291867,0.11144991280121969,0,"{'0': 0.0, '1': 0.0, '2': 0.0, '3': 0.0, '4': 0.0, '5': 0.36363636363636365, '6': 0.5184049079754601, '7': 0.4873583260680035, '8': 0.49224908039936943}","{'6-8': 0.4919859265050821, '3-5': 0.34782608695652173, '2': 0.0, '1': 0.0, '0': 0.0}",0.13633161770276211,1.0444585568014633,1.9715604851776412,2.1307478059481397
18,18,1,8,8,perfect_information,0,R0,P1,1,pre,8229179,Schielhau,4959,4959,4544,4072,10879,4544,0,1171,34929,3908,3543,1051,1001,"{'8': 3646, '6': 166, '7': 1132, '5': 15}","{'8': 3307, '6': 156, '7': 1066, '5': 15}","{'tactical/HP urgency': 366, 'other policy exploration': 49}",675.6270909449029,5183.392499999931,9774.74696969028,10564.638749999836,4959,4959,0.9163137729380924,0.8961267605633803,0.9065833333333333,0.37866666666666665,7.686839788732394,0.9066018423746162,0.9524262607040913,0.059662612014785406,0,"{'0': 0.0, '1': 0.0, '2': 0.0, '3': 0.0, '4': 0.0, '5': 1.0, '6': 0.9397590361445783, '7': 0.941696113074205, '8': 0.9070213933077345}","{'6-8': 0.9160598705501618, '3-5': 1.0, '2': 0.0, '1': 0.0, '0': 0.0}",0.1362426075710633,1.045249546279478,1.9711125165739627,2.130397005444613
18,18,2,8,8,adaptive_revelation,0,R0,P1,1,pre,8230188,Absetzen,9158,9156,4519,4053,18148,9038,1182,3337,32709,6481,3181,2677,1338,"{'8': 5643, '6': 1785, '7': 1083, '5': 347, '4': 242, '2': 9, '3': 47, '1': 2}","{'6': 877, '8': 2784, '4': 125, '7': 530, '5': 179, '3': 22, '2': 2}","{'other policy exploration': 4634, 'Spiritus conservation': 2, 'insufficient Spiritus': 2, 'tactical/HP urgency': 1}",8076.845418510336,9576.506249999195,16363.269058541222,19528.289999998662,9158,9156,0.4934483511683774,0.8968798406727152,1.5123333333333333,0.7531666666666667,7.238105775614074,0.4908193180064805,0.49981322375793796,0.1075042058621425,2,"{'0': 0.0, '1': 0.0, '2': 0.2222222222222222, '3': 0.46808510638297873, '4': 0.5165289256198347, '5': 0.515850144092219, '6': 0.49131652661064423, '7': 0.48938134810710987, '8': 0.4933545986177565}","{'6-8': 0.4924215720831865, '3-5': 0.5125786163522013, '2': 0.2222222222222222, '1': 0.0, '0': 0.0}",0.8819442474896632,1.0456984330638999,1.7871635057384472,2.1323749727013173
18,18,2,8,8,adaptive_revelation,0,R0,P1,1,pre,8230188,Scambiar di Punta,9158,9156,4413,3957,17743,8826,1165,3248,31954,6481,3110,2677,1303,"{'8': 5643, '6': 1785, '7': 1083, '5': 347, '4': 242, '2': 9, '3': 47, '1': 2}","{'8': 2711, '7': 529, '6': 867, '5': 166, '4': 114, '2': 3, '3': 23}","{'other policy exploration': 4741, 'Spiritus conservation': 1, 'insufficient Spiritus': 2, 'tactical/HP urgency': 1}",8076.845418510336,9576.506249999195,16363.269058541222,19528.289999998662,9158,9156,0.48187377156584404,0.8966689326988443,1.4785833333333334,0.7355,7.240879220484931,0.4798642184848017,0.48673888681359734,0.10510508731606757,2,"{'0': 0.0, '1': 0.0, '2': 0.3333333333333333, '3': 0.48936170212765956, '4': 0.47107438016528924, '5': 0.4783861671469741, '6': 0.4857142857142857, '7': 0.4884579870729455, '8': 0.4804182172603225}","{'6-8': 0.48255199154035955, '3-5': 0.47641509433962265, '2': 0.3333333333333333, '1': 0.0, '0': 0.0}",0.8819442474896632,1.0456984330638999,1.7871635057384472,2.1323749727013173
18,18,2,8,8,adaptive_revelation,0,R0,P1,1,pre,8230188,Schielhau,9896,9896,7820,7062,18605,15640,666,1646,57855,7394,5709,2502,2111,"{'8': 6691, '7': 1268, '6': 1458, '4': 144, '5': 306, '2': 11, '3': 18}","{'8': 5196, '7': 1062, '6': 1178, '4': 106, '5': 264, '3': 13, '2': 1}","{'tactical/HP urgency': 1660, 'other policy exploration': 413, 'Spiritus conservation': 3}",9242.48606093355,10207.754999998955,17427.36990591041,20787.51374999823,9896,9896,0.7902182700080841,0.9030690537084399,1.5504166666666668,1.3033333333333332,7.398337595907928,0.7721125236678388,0.8437250199840128,0.11021135938203445,0,"{'0': 0.0, '1': 0.0, '2': 0.09090909090909091, '3': 0.7222222222222222, '4': 0.7361111111111112, '5': 0.8627450980392157, '6': 0.8079561042524005, '7': 0.8375394321766562, '8': 0.7765655357943506}","{'6-8': 0.78963576510566, '3-5': 0.8183760683760684, '2': 0.09090909090909091, '1': 0.0, '0': 0.0}",0.9339618089059771,1.031503132578714,1.7610519306700092,2.100597589935149
18,18,2,8,8,perfect_information,0,R0,P1,1,pre,8231197,Absetzen,10428,10428,5195,4670,20958,10390,1,5194,38951,8256,4142,2172,1053,"{'8': 7875, '6': 1832, '7': 397, '4': 194, '5': 108, '2': 13, '3': 9}","{'8': 3925, '6': 922, '4': 93, '7': 198, '5': 47, '2': 4, '3': 6}","{'other policy exploration': 5231, 'Spiritus conservation': 1, 'tactical/HP urgency': 1}",1425.1823932486964,10879.75124999895,18689.016860874144,22217.39999999813,10428,10428,0.49817798235519756,0.8989412897016362,1.7465,0.8658333333333333,7.497786333012512,0.5016957364341085,0.48480662983425415,0.1144682942815009,0,"{'0': 0.0, '1': 0.0, '2': 0.3076923076923077, '3': 0.6666666666666666, '4': 0.4793814432989691, '5': 0.4351851851851852, '6': 0.5032751091703057, '7': 0.4987405541561713, '8': 0.4984126984126984}","{'6-8': 0.4993072050673001, '3-5': 0.4694533762057878, '2': 0.3076923076923077, '1': 0.0, '0': 0.0}",0.13666881408215348,1.0433209867662974,1.7921957097117514,2.1305523590331927
18,18,2,8,8,perfect_information,0,R0,P1,1,pre,8231197,Scambiar di Punta,10428,10428,5076,4538,20535,10152,0,5076,38040,8256,3978,2172,1098,"{'8': 7875, '6': 1832, '7': 397, '4': 194, '5': 108, '2': 13, '3': 9}","{'8': 3834, '6': 881, '7': 198, '4': 95, '5': 59, '3': 3, '2': 6}","{'other policy exploration': 5349, 'Spiritus conservation': 2, 'tactical/HP urgency': 1}",1425.1823932486964,10879.75124999895,18689.016860874144,22217.39999999813,10428,10428,0.48676639815880324,0.8940110323089047,1.71125,0.846,7.494089834515367,0.48183139534883723,0.505524861878453,0.11215795510404719,0,"{'0': 0.0, '1': 0.0, '2': 0.46153846153846156, '3': 0.3333333333333333, '4': 0.4896907216494845, '5': 0.5462962962962963, '6': 0.4808951965065502, '7': 0.4987405541561713, '8': 0.4868571428571429}","{'6-8': 0.486243072050673, '3-5': 0.5048231511254019, '2': 0.46153846153846156, '1': 0.0, '0': 0.0}",0.13666881408215348,1.0433209867662974,1.7921957097117514,2.1305523590331927
18,18,2,8,8,perfect_information,0,R0,P1,1,pre,8231197,Schielhau,5020,5020,4100,3727,9943,8200,0,1227,30755,3956,3158,1064,942,"{'8': 3814, '6': 865, '4': 95, '5': 48, '3': 3, '7': 192, '2': 3}","{'8': 3096, '6': 718, '4': 76, '5': 39, '3': 3, '7': 167, '2': 1}","{'tactical/HP urgency': 810, 'other policy exploration': 110}",682.6888112872396,5241.408749999917,8970.101202927604,10665.42749999985,5020,5020,0.8167330677290837,0.9090243902439025,0.8285833333333333,0.6833333333333333,7.501219512195122,0.7982810920121335,0.8853383458646616,0.0543066251570266,0,"{'0': 0.0, '1': 0.0, '2': 0.3333333333333333, '3': 1.0, '4': 0.8, '5': 0.8125, '6': 0.8300578034682081, '7': 0.8697916666666666, '8': 0.8117461982170949}","{'6-8': 0.8172859782385548, '3-5': 0.8082191780821918, '2': 0.3333333333333333, '1': 0.0, '0': 0.0}",0.13599378710901186,1.0441053286852424,1.7868727495871721,2.1245871513943926
18,18,1,3,3,adaptive_revelation,0,R0,P1,1,pre,8232206,Absetzen,9231,9157,4475,4032,18115,4475,1189,3286,11377,6586,3203,2645,1272,"{'2': 2813, '3': 5672, '1': 672, '0': 74}","{'2': 1416, '3': 2743, '1': 316}","{'other policy exploration': 4682, 'insufficient Spiritus': 74}",8292.007837384745,9618.727499999113,16749.765992920424,19672.239374998528,9231,9157,0.4847795471779872,0.9010055865921788,1.5095833333333333,0.3729166666666667,2.542346368715084,0.48633464925599756,0.48090737240075615,0.10740670469233597,74,"{'0': 0.0, '1': 0.47023809523809523, '2': 0.5033771773906861, '3': 0.4836036671368124, '4': 0.0, '5': 0.0, '6': 0.0, '7': 0.0, '8': 0.0}","{'6-8': 0.0, '3-5': 0.4836036671368124, '2': 0.5033771773906861, '1': 0.47023809523809523, '0': 0.0}",0.8982783920902118,1.0420027624308432,1.8291761486207736,2.131105987975141
18,18,1,3,3,adaptive_revelation,0,R0,P1,1,pre,8232206,Scambiar di Punta,9231,9157,4492,4080,18543,4492,1182,3310,11517,6586,3261,2645,1231,"{'2': 2813, '3': 5672, '1': 672, '0': 74}","{'2': 1357, '3': 2834, '1': 301}","{'other policy exploration': 4665, 'insufficient Spiritus': 74}",8292.007837384745,9618.727499999113,16749.765992920424,19672.239374998528,9231,9157,0.4866211678041382,0.9082813891362422,1.54525,0.37433333333333335,2.563891362422084,0.4951412086243547,0.46540642722117204,0.1099443844940649,74,"{'0': 0.0, '1': 0.4479166666666667, '2': 0.48240312833274085, '3': 0.49964739069111425, '4': 0.0, '5': 0.0, '6': 0.0, '7': 0.0, '8': 0.0}","{'6-8': 0.0, '3-5': 0.49964739069111425, '2': 0.48240312833274085, '1': 0.4479166666666667, '0': 0.0}",0.8982783920902118,1.0420027624308432,1.8291761486207736,2.131105987975141
18,18,1,3,3,adaptive_revelation,0,R0,P1,1,pre,8232206,Schielhau,9816,9766,8132,7327,19445,8132,648,1700,21569,7333,6136,2483,1996,"{'1': 501, '3': 6580, '2': 2685, '0': 50}","{'3': 5560, '1': 255, '2': 2317}","{'tactical/HP urgency': 1302, 'insufficient Spiritus': 50, 'other policy exploration': 332}",9246.496911488752,10156.16249999902,17784.323457229893,20698.64999999824,9816,9766,0.8284433577832111,0.9010083620265618,1.6204166666666666,0.6776666666666666,2.652361042793901,0.8367653075139779,0.8038662907772856,0.11529248538462451,50,"{'0': 0.0, '1': 0.5089820359281437, '2': 0.8629422718808194, '3': 0.8449848024316109, '4': 0.0, '5': 0.0, '6': 0.0, '7': 0.0, '8': 0.0}","{'6-8': 0.0, '3-5': 0.8449848024316109, '2': 0.8629422718808194, '1': 0.5089820359281437, '0': 0.0}",0.9419821629471018,1.034653881417993,1.8210447939002554,2.1086644254276936
18,18,1,3,3,perfect_information,0,R0,P1,1,pre,8233215,Absetzen,10380,10352,5148,4639,20910,5148,14,5134,14022,8194,4106,2186,1042,"{'3': 7778, '2': 2236, '1': 338, '0': 28}","{'3': 3881, '2': 1112, '1': 155}","{'other policy exploration': 5204, 'insufficient Spiritus': 28}",1599.6960676413494,10865.744999998975,19274.410399867742,22166.06062499813,10380,10352,0.4959537572254335,0.9011266511266511,1.7425,0.429,2.7237762237762237,0.5010983646570661,0.47666971637694416,0.11406719654361666,28,"{'0': 0.0, '1': 0.45857988165680474, '2': 0.49731663685152055, '3': 0.498971457958344, '4': 0.0, '5': 0.0, '6': 0.0, '7': 0.0, '8': 0.0}","{'6-8': 0.0, '3-5': 0.498971457958344, '2': 0.49731663685152055, '1': 0.45857988165680474, '0': 0.0}",0.1541133013141955,1.0467962427744677,1.861902086540547,2.1354586343928834
18,18,1,3,3,perfect_information,0,R0,P1,1,pre,8233215,Scambiar di Punta,10380,10352,5102,4560,20414,5102,8,5094,13873,8194,4019,2186,1083,"{'3': 7778, '2': 2236, '1': 338, '0': 28}","{'3': 3830, '2': 1111, '1': 161}","{'other policy exploration': 5250, 'insufficient Spiritus': 28}",1599.6960676413494,10865.744999998975,19274.410399867742,22166.06062499813,10380,10352,0.49152215799614646,0.8937671501372011,1.7011666666666667,0.4251666666666667,2.7191297530380245,0.49048083963876005,0.4954254345837146,0.11136144190537496,28,"{'0': 0.0, '1': 0.47633136094674555, '2': 0.49686940966010734, '3': 0.49241450244278734, '4': 0.0, '5': 0.0, '6': 0.0, '7': 0.0, '8': 0.0}","{'6-8': 0.0, '3-5': 0.49241450244278734, '2': 0.49686940966010734, '1': 0.47633136094674555, '0': 0.0}",0.1541133013141955,1.0467962427744677,1.861902086540547,2.1354586343928834
18,18,1,3,3,perfect_information,0,R0,P1,1,pre,8233215,Schielhau,5065,5051,4304,3870,10377,4304,3,1227,11805,3960,3395,1105,909,"{'3': 3775, '2': 1088, '1': 188, '0': 14}","{'2': 937, '3': 3282, '1': 85}","{'tactical/HP urgency': 654, 'other policy exploration': 93, 'insufficient Spiritus': 14}",783.4046232721711,5297.939999999898,9380.507464228194,10803.4087499998,5065,5051,0.8497532082922014,0.8991635687732342,0.86475,0.3586666666666667,2.742797397769517,0.8573232323232324,0.8226244343891402,0.0566080965343429,14,"{'0': 0.0, '1': 0.4521276595744681, '2': 0.8612132352941176, '3': 0.8694039735099338, '4': 0.0, '5': 0.0, '6': 0.0, '7': 0.0, '8': 0.0}","{'6-8': 0.0, '3-5': 0.8694039735099338, '2': 0.8612132352941176, '1': 0.4521276595744681, '0': 0.0}",0.15467021189973762,1.045990128331668,1.8571584763864966,2.1329533563671865
18,18,2,3,3,adaptive_revelation,0,R0,P1,1,pre,8234224,Absetzen,9463,7419,3103,2769,12506,6206,882,2221,8989,6580,2475,2883,628,"{'3': 6269, '2': 1150, '1': 1804, '0': 240}","{'3': 2783, '2': 320}","{'other policy exploration': 3631, 'Spiritus conservation': 684, 'insufficient Spiritus': 2044, 'tactical/HP urgency': 1}",8856.059136561813,9880.357499999083,10613.795509143272,20080.41749999846,9463,7419,0.32790869703054,0.8923622300999033,1.0421666666666667,0.5171666666666667,2.896873992910087,0.3761398176291793,0.21782865071106486,0.07104632270232807,2044,"{'0': 0.0, '1': 0.0, '2': 0.2782608695652174, '3': 0.4439304514276599, '4': 0.0, '5': 0.0, '6': 0.0, '7': 0.0, '8': 0.0}","{'6-8': 0.0, '3-5': 0.4439304514276599, '2': 0.2782608695652174, '1': 0.0, '0': 0.0}",0.9358616862054119,1.0441041424494435,1.430623468006911,2.121992761280615
18,18,2,3,3,adaptive_revelation,0,R0,P1,1,pre,8234224,Scambiar di Punta,9463,7419,3159,2837,12866,6318,909,2250,9183,6580,2525,2883,634,"{'3': 6269, '2': 1150, '1': 1804, '0': 240}","{'2': 294, '3': 2865}","{'other policy exploration': 3552, 'Spiritus conservation': 707, 'insufficient Spiritus': 2044, 'tactical/HP urgency': 1}",8856.059136561813,9880.357499999083,10613.795509143272,20080.41749999846,9463,7419,0.3338264820881327,0.8980690091801203,1.0721666666666667,0.5265,2.9069325735992404,0.3837386018237082,0.21990981616371835,0.07309147512299319,2044,"{'0': 0.0, '1': 0.0, '2': 0.25565217391304346, '3': 0.4570106875099697, '4': 0.0, '5': 0.0, '6': 0.0, '7': 0.0, '8': 0.0}","{'6-8': 0.0, '3-5': 0.4570106875099697, '2': 0.25565217391304346, '1': 0.0, '0': 0.0}",0.9358616862054119,1.0441041424494435,1.430623468006911,2.121992761280615
18,18,2,3,3,adaptive_revelation,0,R0,P1,1,pre,8234224,Schielhau,10417,8699,4259,3869,10158,8518,502,1185,12552,7383,3386,3034,873,"{'3': 7355, '1': 1538, '2': 1344, '0': 180}","{'3': 4034, '2': 225}","{'insufficient Spiritus': 1718, 'tactical/HP urgency': 2730, 'Spiritus conservation': 898, 'other policy exploration': 812}",9982.205650758082,10787.45624999889,12501.625339297116,21997.74937499804,10417,8699,0.4088509167706633,0.9084292087344447,0.8465,0.7098333333333333,2.947170697346795,0.45862115671136394,0.2877389584706658,0.05770738413643439,1718,"{'0': 0.0, '1': 0.0, '2': 0.16741071428571427, '3': 0.5484704282800815, '4': 0.0, '5': 0.0, '6': 0.0, '7': 0.0, '8': 0.0}","{'6-8': 0.0, '3-5': 0.5484704282800815, '2': 0.16741071428571427, '1': 0.0, '0': 0.0}",0.9582610781182761,1.0355626619947096,1.4371336175764013,2.1117163650761293
18,18,2,3,3,perfect_information,0,R0,P1,1,pre,8235233,Absetzen,10293,8454,3917,3508,15841,7834,2,3915,11673,8192,3394,2101,523,"{'3': 8199, '2': 255, '1': 1794, '0': 45}","{'3': 3839, '2': 78}","{'other policy exploration': 4423, 'Spiritus conservation': 112, 'insufficient Spiritus': 1839, 'tactical/HP urgency': 2}",1843.9813345519144,10775.384999998965,12872.040705626016,21950.38687499811,10293,8454,0.380549888273584,0.8955833546081184,1.3200833333333333,0.6528333333333334,2.9800868011233086,0.414306640625,0.24892908138981437,0.08323831242873432,1839,"{'0': 0.0, '1': 0.0, '2': 0.3058823529411765, '3': 0.4682278326625198, '4': 0.0, '5': 0.0, '6': 0.0, '7': 0.0, '8': 0.0}","{'6-8': 0.0, '3-5': 0.4682278326625198, '2': 0.3058823529411765, '1': 0.0, '0': 0.0}",0.1791490658264757,1.046865345380255,1.5225976704076196,2.1325548309528912
18,18,2,3,3,perfect_information,0,R0,P1,1,pre,8235233,Scambiar di Punta,10293,8454,4068,3668,16505,8136,2,4066,12107,8192,3541,2101,527,"{'3': 8199, '2': 255, '1': 1794, '0': 45}","{'2': 97, '3': 3971}","{'other policy exploration': 4279, 'Spiritus conservation': 105, 'insufficient Spiritus': 1839, 'tactical/HP urgency': 2}",1843.9813345519144,10775.384999998965,12872.040705626016,21950.38687499811,10293,8454,0.3952200524628388,0.9016715830875123,1.3754166666666667,0.678,2.9761553588987217,0.4322509765625,0.25083293669681106,0.08672737495336531,1839,"{'0': 0.0, '1': 0.0, '2': 0.3803921568627451, '3': 0.48432735699475543, '4': 0.0, '5': 0.0, '6': 0.0, '7': 0.0, '8': 0.0}","{'6-8': 0.0, '3-5': 0.48432735699475543, '2': 0.3803921568627451, '1': 0.0, '0': 0.0}",0.1791490658264757,1.046865345380255,1.5225976704076196,2.1325548309528912
18,18,2,3,3,perfect_information,0,R0,P1,1,pre,8235233,Schielhau,4894,3998,2321,2074,5520,4642,0,890,6935,3822,1956,1072,365,"{'3': 3866, '1': 870, '2': 132, '0': 26}","{'3': 2293, '2': 28}","{'insufficient Spiritus': 896, 'tactical/HP urgency': 1408, 'Spiritus conservation': 46, 'other policy exploration': 223}",899.168427394531,5115.093749999949,6078.7218704612615,10441.108124999886,4894,3998,0.47425418880261544,0.8935803532959931,0.46,0.3868333333333333,2.987936234381732,0.5117739403453689,0.34048507462686567,0.02900545954211309,896,"{'0': 0.0, '1': 0.0, '2': 0.21212121212121213, '3': 0.5931195033626487, '4': 0.0, '5': 0.0, '6': 0.0, '7': 0.0, '8': 0.0}","{'6-8': 0.0, '3-5': 0.5931195033626487, '2': 0.21212121212121213, '1': 0.0, '0': 0.0}",0.1837287346535617,1.0451764916223845,1.520440687959295,2.133450781569245
