skill_a,skill_b,compound_cost,start_spiritus_a,start_spiritus_b,information,future_fights,recovery,parry,durch_cost,timing,seed,focal_win_rate,symmetry_deviation,average_rounds,double_defeat_rate,total_spiritus_per_fight,mean_end_spiritus_per_combatant,basic_parry_per_fight,counter_per_fight,ignore_per_fight,compound_declarations_per_fight,compound_spiritus_per_fight,compound_damage_per_fight,compound_damage_share,compound_defensive_opportunity_rate,compound_fights_with_1_plus_rate,compound_fights_with_2_plus_rate,compound_fights_with_3_plus_rate
10,10,1,8,8,adaptive_revelation,0,R0,P1,1,pre,8212026,0.49091666666666667,0.006416666666666667,4.058583333333333,0.024583333333333332,1.418,7.291,0.434,0.386,0.01675,1.0718333333333334,1.0718333333333334,2.1964166666666665,0.16278394703361043,0.5332504145936982,0.7168333333333333,0.2881666666666667,0.05991666666666667
10,10,1,8,8,perfect_information,0,R0,P1,1,pre,8213035,0.48891666666666667,0.006083333333333333,4.075583333333333,0.02825,1.2413333333333334,7.379333333333333,0.5111666666666667,0.4681666666666667,0.019166666666666665,0.9691666666666666,0.9691666666666666,2.01075,0.1480125138019875,0.47897533050533336,0.67275,0.24408333333333335,0.04658333333333333
10,10,2,8,8,adaptive_revelation,0,R0,P1,1,pre,8214044,0.4886666666666667,0.0055,4.120333333333333,0.028166666666666666,2.0295,6.98525,0.5284166666666666,0.48241666666666666,0.018916666666666665,0.8590833333333333,1.7181666666666666,1.7695833333333333,0.1301172188555077,0.4172501720160278,0.6261666666666666,0.19791666666666666,0.03216666666666667
10,10,2,8,8,perfect_information,0,R0,P1,1,pre,8215053,0.47758333333333336,0.011416666666666667,4.109333333333334,0.033416666666666664,1.8603333333333334,7.069833333333333,0.5843333333333334,0.53375,0.019833333333333335,0.79875,1.5975,1.688,0.12370076335877862,0.39279567248586184,0.59525,0.17591666666666667,0.025583333333333333
10,10,1,3,3,adaptive_revelation,0,R0,P1,1,pre,8216062,0.4825,0.008666666666666666,4.077333333333334,0.026333333333333334,1.2288333333333334,2.3855833333333334,0.4701666666666667,0.43766666666666665,0.018916666666666665,0.96775,0.96775,1.9608333333333334,0.14517790926534918,0.47625492125984253,0.6853333333333333,0.24541666666666667,0.034833333333333334
10,10,1,3,3,perfect_information,0,R0,P1,1,pre,8217071,0.4895833333333333,0.011333333333333334,4.092416666666667,0.03216666666666667,1.0868333333333333,2.456583333333333,0.55225,0.48983333333333334,0.02225,0.88125,0.88125,1.8633333333333333,0.13662554457744455,0.43430941722452665,0.6370833333333333,0.21133333333333335,0.031166666666666665
10,10,2,3,3,adaptive_revelation,0,R0,P1,1,pre,8218080,0.48741666666666666,0.015166666666666667,4.228833333333333,0.04033333333333333,1.064,2.468,0.7003333333333334,0.6544166666666666,0.02475,0.4315833333333333,0.8631666666666666,0.88225,0.06390800434625135,0.20637577206614863,0.3953333333333333,0.03625,0.0
10,10,2,3,3,perfect_information,0,R0,P1,1,pre,8219089,0.47933333333333333,0.0045,4.23975,0.04583333333333333,1.0641666666666667,2.4679166666666665,0.7719166666666667,0.6830833333333334,0.0285,0.4405,0.881,0.9426666666666667,0.06803883121413706,0.2116940328394073,0.3993333333333333,0.041166666666666664,0.0
14,14,1,8,8,adaptive_revelation,0,R0,P1,1,pre,8220098,0.4831666666666667,0.011916666666666667,3.182,0.04558333333333333,2.044583333333333,6.977708333333333,0.39108333333333334,0.4374166666666667,0.005916666666666666,1.3195833333333333,1.3195833333333333,3.5035833333333333,0.2558340483275221,0.5930489494775476,0.8096666666666666,0.39158333333333334,0.10308333333333333
14,14,1,8,8,perfect_information,0,R0,P1,1,pre,8221107,0.44825,0.007083333333333333,2.9444166666666667,0.09641666666666666,1.4046666666666667,7.297666666666666,0.11475,0.7935833333333333,0.012666666666666666,1.1001666666666667,1.1001666666666667,3.1201666666666665,0.21740417946499596,0.5346887529869183,0.7243333333333334,0.3,0.0675
14,14,2,8,8,adaptive_revelation,0,R0,P1,1,pre,8222116,0.4755,0.0015,3.2144166666666667,0.0505,3.01475,6.492625,0.4334166666666667,0.49883333333333335,0.005916666666666666,1.16475,2.3295,3.1213333333333333,0.22715198855022015,0.5188388581610305,0.75425,0.32475,0.07766666666666666
14,14,2,8,8,perfect_information,0,R0,P1,1,pre,8223125,0.44816666666666666,0.00475,2.9399166666666665,0.09891666666666667,2.3154166666666667,6.842291666666667,0.12766666666666668,0.8273333333333334,0.012166666666666666,1.0169166666666667,2.0338333333333334,2.91925,0.20311005200814042,0.49368880977425356,0.6931666666666667,0.2643333333333333,0.05416666666666667
14,14,1,3,3,adaptive_revelation,0,R0,P1,1,pre,8224134,0.47325,0.007083333333333333,3.2469166666666665,0.04641666666666667,1.8866666666666667,2.0566666666666666,0.43675,0.4585,0.00625,1.2400833333333334,1.2400833333333334,3.3125,0.24068882416697446,0.5484667551231018,0.7918333333333333,0.3555833333333333,0.08533333333333333
14,14,1,3,3,perfect_information,0,R0,P1,1,pre,8225143,0.45608333333333334,0.005166666666666667,2.993,0.093,1.3534166666666667,2.3232916666666665,0.15858333333333333,0.7935,0.010916666666666667,1.0671666666666666,1.0671666666666666,3.0945833333333335,0.21560032512772875,0.5100366417078223,0.7138333333333333,0.28341666666666665,0.06425
14,14,2,3,3,adaptive_revelation,0,R0,P1,1,pre,8226152,0.45841666666666664,0.012166666666666666,3.34075,0.071,1.9326666666666668,2.0336666666666665,0.6098333333333333,0.6940833333333334,0.00925,0.6890833333333334,1.3781666666666668,1.8949166666666666,0.13357260759999295,0.2968480758184951,0.59925,0.08983333333333333,0.0
14,14,2,3,3,perfect_information,0,R0,P1,1,pre,8227161,0.43425,0.007833333333333333,3.0265,0.12366666666666666,1.64775,2.176125,0.22908333333333333,0.9835833333333334,0.013083333333333334,0.713,1.426,2.0975,0.1421616248333823,0.3390797764831768,0.6120833333333333,0.10091666666666667,0.0
18,18,1,8,8,adaptive_revelation,0,R0,P1,1,pre,8228170,0.46958333333333335,0.008,2.73,0.06883333333333333,2.423,6.7885,0.37633333333333335,0.5326666666666666,0.0016666666666666668,1.4820833333333334,1.4820833333333334,4.836916666666666,0.3453912526033919,0.6034541259500543,0.8586666666666667,0.46066666666666667,0.13991666666666666
18,18,1,8,8,perfect_information,0,R0,P1,1,pre,8229179,0.4226666666666667,0.01525,2.5210833333333333,0.16991666666666666,1.5341666666666667,7.232916666666667,0.00925,0.99725,0.004083333333333333,1.2290833333333333,1.2290833333333333,4.342333333333333,0.2857706946287745,0.5414066514940166,0.766,0.3511666666666667,0.09625
18,18,2,8,8,adaptive_revelation,0,R0,P1,1,pre,8230188,0.46316666666666667,0.004833333333333334,2.766,0.0785,3.6988333333333334,6.1505833333333335,0.40141666666666664,0.5510833333333334,0.0021666666666666666,1.396,2.792,4.541333333333333,0.32282065256024456,0.5608302644794108,0.8289166666666666,0.42325,0.12366666666666666
18,18,2,8,8,perfect_information,0,R0,P1,1,pre,8231197,0.4190833333333333,0.0018333333333333333,2.545916666666667,0.16366666666666665,2.6816666666666666,6.659166666666667,0.011083333333333334,1.0115,0.004333333333333333,1.1975833333333334,2.395166666666667,4.286333333333333,0.2809328745425747,0.5225058173356603,0.7645833333333333,0.3309166666666667,0.08983333333333333
18,18,1,3,3,adaptive_revelation,0,R0,P1,1,pre,8232206,0.4638333333333333,0.005916666666666666,2.7579166666666666,0.07825,2.311166666666667,1.8444166666666666,0.4075,0.5455833333333333,0.0026666666666666666,1.4249166666666666,1.4249166666666666,4.67525,0.3326435745710254,0.5718537841543762,0.8506666666666667,0.43816666666666665,0.12083333333333333
18,18,1,3,3,perfect_information,0,R0,P1,1,pre,8233215,0.41475,0.00275,2.544,0.16775,1.4913333333333334,2.2543333333333333,0.011916666666666667,1.0096666666666667,0.004083333333333333,1.2128333333333334,1.2128333333333334,4.308416666666667,0.28203673498333454,0.5287364673399695,0.7738333333333334,0.3396666666666667,0.08816666666666667
18,18,2,3,3,adaptive_revelation,0,R0,P1,1,pre,8234224,0.4340833333333333,0.023916666666666666,2.87175,0.10791666666666666,2.50775,1.746125,0.555,0.7659166666666667,0.0031666666666666666,0.87675,1.7535,2.9608333333333334,0.20184518196175566,0.34173514795205767,0.7259166666666667,0.15083333333333335,0.0
18,18,2,3,3,perfect_information,0,R0,P1,1,pre,8235233,0.39766666666666667,0.006083333333333333,2.5326666666666666,0.21075,1.8725,2.06375,0.021833333333333333,1.219,0.005583333333333333,0.8588333333333333,1.7176666666666667,3.1555,0.19897114692421272,0.37759214479372755,0.71475,0.14408333333333334,0.0
