model,skill,start_spiritus,information,seed,wins_A,wins_B,double_defeats,draws,rounds,exchanges,defensive_opportunities,crossings,wide_crossings,close_crossings,known_zone_crossings,unknown_zone_crossings,displacement_separation_events,displacement_retained_crossing_events,crossings_persisted,crossings_cleaned_up,durch_opportunities,durch_declarations,durch_successes,durch_spiritus_spent,compound_declarations,compound_spiritus_spent,total_spiritus_spent,attempted_fourth_plays,precondition_violations,win_rate_A,average_rounds,double_defeat_rate,basic_cross_declarations_per_fight,basic_beat_declarations_per_fight,cross_success_rate,beat_success_rate,cross_interrupted_per_fight,beat_interrupted_per_fight,successful_crossings_per_fight,displacement_separation_per_fight,displacement_retained_crossing_per_fight,wide_crossings_per_fight,close_crossings_per_fight,hard_hard_crossings_per_fight,hard_soft_crossings_per_fight,soft_hard_crossings_per_fight,unknown_pressure_crossings_per_fight,known_zone_crossings_per_fight,unknown_zone_crossings_per_fight,crossings_persisted_per_fight,crossings_cleaned_up_per_fight,durch_opportunities_per_fight,durch_declarations_per_fight,durch_success_rate,compound_declarations_per_fight,spiritus_expenditure_per_fight,basic_parry_frequency,counter_frequency,ignore_frequency,learned_play_chain_length,three_play_cap_frequency,attempted_fourth_plays_per_fight
NEW_EXPLICIT,10,8,adaptive_revelation,11082026,2403,2426,171,0,21740,32748,10900,2016,2016,0,0,2016,675,0,0,2016,5027,2206,897,2206,3541,7082,9288,0,0,0.4806,4.348,0.0342,0.4224,0.4224,0.48859455481972036,0.48214285714285715,0.1506,0.1424,0.4032,0.135,0.0,0.4032,0.0,0.1328,0.0,0.0,0.2704,0.0,0.4032,0.0,0.4032,1.0054,0.4412,0.40661831368993656,0.7082,1.8576,0.3875229357798165,0.19440366972477063,0.020825688073394494,0.36542689629901065,0.0044277513130572856,0.0
NEW_EXPLICIT,10,8,perfect_information,11083035,2412,2435,153,0,21843,32935,10926,2272,2272,0,0,2272,741,0,0,2272,5042,2011,920,2011,3418,6836,8847,0,0,0.4824,4.3686,0.0306,0.4672,0.4446,0.5097024579560155,0.5106822880771882,0.158,0.1544,0.4544,0.1482,0.0,0.4544,0.0,0.1576,0.0,0.0,0.2968,0.0,0.4544,0.0,0.4544,1.0084,0.4022,0.4574838388861263,0.6836,1.7694,0.41726157788760754,0.20519860882299104,0.02297272560863994,0.2755123728556247,0.003036283588887202,0.0
NEW_EXPLICIT,10,3,adaptive_revelation,11084044,2402,2382,216,0,22808,34403,11425,2109,2109,0,0,2109,1008,0,0,2109,5905,1673,733,1673,1668,3336,5009,0,0,0.4804,4.5616,0.0432,0.555,0.552,0.5156102175969726,0.48695652173913045,0.1322,0.138,0.4218,0.2016,0.0,0.4218,0.0,0.218,0.0,0.0,0.2038,0.0,0.4218,0.0,0.4218,1.181,0.3346,0.43813508667065154,0.3336,1.0018,0.48446389496717723,0.245164113785558,0.0250328227571116,0.30506060517978084,0.001976571810597913,0.0
NEW_EXPLICIT,10,3,perfect_information,11085053,2457,2343,200,0,22500,33884,11341,2044,2044,0,0,2044,1120,0,0,2044,5998,1612,743,1612,1656,3312,4924,0,0,0.4914,4.5,0.04,0.5818,0.5812,0.4972451790633609,0.5121170553269319,0.1462,0.1438,0.4088,0.224,0.0,0.4088,0.0,0.2166,0.0,0.0,0.1922,0.0,0.4088,0.0,0.4088,1.1996,0.3224,0.4609181141439206,0.3312,0.9848,0.5127413808306146,0.2582664668018693,0.027069923287188078,0.2105123362058789,0.0009443985361822689,0.0
NEW_EXPLICIT,14,8,adaptive_revelation,11086062,2358,2282,360,0,15986,20805,11261,2838,2838,0,0,2838,135,0,0,2838,3349,2860,1361,2860,5505,11010,13870,0,0,0.4716,3.1972,0.072,0.1552,0.1594,0.7611111111111111,0.6617647058823529,0.1192,0.1186,0.5676,0.027,0.0,0.5676,0.0,0.0274,0.0,0.0,0.5402,0.0,0.5676,0.0,0.5676,0.6698,0.572,0.47587412587412586,1.101,2.774,0.1396856407068644,0.2846994050261966,0.011366663706597993,0.5211247296322999,0.006344628695025234,0.0
NEW_EXPLICIT,14,8,perfect_information,11087071,2357,2211,432,0,15791,20730,10958,3012,3012,0,0,3012,163,0,0,3012,2736,2244,1271,2244,4992,9984,12228,0,0,0.4714,3.1582,0.0864,0.186,0.1798,0.7004405286343612,0.7442922374429224,0.1406,0.136,0.6024,0.0326,0.0,0.6024,0.0,0.0318,0.0,0.0,0.5706,0.0,0.6024,0.0,0.6024,0.5472,0.4488,0.5663992869875223,0.9984,2.4456,0.1669100200766563,0.31976638072640995,0.013962401898156599,0.42026049204052096,0.0034249879401833092,0.0
NEW_EXPLICIT,14,3,adaptive_revelation,11088080,2318,2227,455,0,17169,22405,12062,3020,3020,0,0,3020,445,0,0,3020,3900,2446,1454,2446,3140,6280,8726,0,0,0.4636,3.4338,0.091,0.3082,0.2984,0.7097242380261248,0.6793893129770993,0.1704,0.1674,0.604,0.089,0.0,0.604,0.0,0.0978,0.0,0.0,0.5062,0.0,0.604,0.0,0.604,0.78,0.4892,0.5944399018806215,0.628,1.7452,0.2514508373404079,0.33443873321173934,0.015586138285524789,0.41008703414416425,0.002365543405489846,0.0
NEW_EXPLICIT,14,3,perfect_information,11089089,2265,2229,506,0,16588,21696,11638,2783,2783,0,0,2783,460,0,0,2783,3630,2164,1381,2164,3137,6274,8438,0,0,0.453,3.3176,0.1012,0.3238,0.303,0.6847826086956522,0.6906906906906907,0.1766,0.1698,0.5566,0.092,0.0,0.5566,0.0,0.1008,0.0,0.0,0.4558,0.0,0.5566,0.0,0.5566,0.726,0.4328,0.6381700554528651,0.6274,1.6876,0.2692902560577419,0.36973706822478086,0.01752878501460732,0.330844395280236,0.0011522861356932153,0.0
NEW_EXPLICIT,18,8,adaptive_revelation,11090098,2205,2122,673,0,13519,15008,12090,3969,3969,0,0,3969,9,0,0,3969,2930,2767,1287,2767,6552,13104,15871,0,0,0.441,2.7038,0.1346,0.0278,0.0286,0.8,0.9,0.0258,0.0266,0.7938,0.0018,0.0,0.7938,0.0,0.0016,0.0,0.0,0.7922,0.0,0.7938,0.0,0.7938,0.586,0.5534,0.4651246837730394,1.3104,3.1742,0.023325062034739455,0.3588089330024814,0.006865177832919769,0.7027585287846482,0.0014658848614072495,0.0
NEW_EXPLICIT,18,8,perfect_information,11091107,2075,2055,870,0,12925,14265,11649,4216,4216,0,0,4216,7,0,0,4216,1718,1625,882,1625,5755,11510,13135,0,0,0.415,2.585,0.174,0.0348,0.0352,1.0,1.0,0.0326,0.0338,0.8432,0.0014,0.0,0.8432,0.0,0.0022,0.0,0.0,0.841,0.0,0.8432,0.0,0.8432,0.3436,0.325,0.5427692307692308,1.151,2.627,0.030045497467593784,0.43317022920422354,0.0072109193922225085,0.5584998247458816,0.0007711181212758499,0.0
NEW_EXPLICIT,18,3,adaptive_revelation,11092116,2010,1991,999,0,14321,15810,12910,4275,4275,0,0,4275,131,0,0,4275,2312,1885,1092,1885,4440,8880,10765,0,0,0.402,2.8642,0.1998,0.073,0.0808,0.92,0.9225352112676056,0.048,0.0524,0.855,0.0262,0.0,0.855,0.0,0.023,0.0,0.0,0.832,0.0,0.855,0.0,0.855,0.4624,0.377,0.5793103448275863,0.888,2.153,0.05956622773044152,0.44089852827265685,0.008520526723470178,0.5442757748260595,0.0006957621758380771,0.0
NEW_EXPLICIT,18,3,perfect_information,11093125,1943,1947,1110,0,13325,14729,11998,3961,3961,0,0,3961,106,0,0,3961,1497,1194,787,1194,4194,8388,9582,0,0,0.3886,2.665,0.222,0.0716,0.0778,0.8962264150943396,0.8907563025210085,0.0504,0.054,0.7922,0.0212,0.0,0.7922,0.0,0.019,0.0,0.0,0.7732,0.0,0.7922,0.0,0.7922,0.2994,0.2388,0.6591289782244556,0.8388,1.9164,0.06226037672945491,0.5015002500416736,0.009001500250041674,0.4425283454409668,0.0002715730871070677,0.0
OLD_LEGACY,10,8,adaptive_revelation,11082026,726,713,61,0,6020,9147,2948,683,618,65,0,683,0,0,0,0,995,474,175,474,1041,2082,2556,0,0,0.484,4.013333333333334,0.04066666666666666,0.0,0.0,0.0,0.0,0.0,0.0,0.4553333333333333,0.0,0.0,0.412,0.043333333333333335,0.0,0.0,0.0,0.4553333333333333,0.0,0.4553333333333333,0.0,0.0,0.6633333333333333,0.316,0.3691983122362869,0.694,1.704,0.5210312075983717,0.27544097693351427,0.029850746268656716,0.3661309719033563,0.004154367552202908,0.0
OLD_LEGACY,10,8,perfect_information,11083035,709,732,59,0,6122,9265,3039,796,717,79,0,796,0,0,0,0,1017,418,173,418,1055,2110,2528,0,0,0.4726666666666667,4.081333333333333,0.03933333333333333,0.0,0.0,0.0,0.0,0.0,0.0,0.5306666666666666,0.0,0.0,0.478,0.05266666666666667,0.0,0.0,0.0,0.5306666666666666,0.0,0.5306666666666666,0.0,0.0,0.678,0.2786666666666667,0.4138755980861244,0.7033333333333334,1.6853333333333333,0.5745310957551826,0.28627838104639686,0.031918394208621255,0.27965461413923365,0.0023745277927684836,0.0
OLD_LEGACY,10,3,adaptive_revelation,11084044,714,713,73,0,6357,9755,3042,743,652,91,0,743,0,0,0,0,1117,334,150,334,550,1100,1434,0,0,0.476,4.238,0.048666666666666664,0.0,0.0,0.0,0.0,0.0,0.0,0.49533333333333335,0.0,0.0,0.43466666666666665,0.06066666666666667,0.0,0.0,0.0,0.49533333333333335,0.0,0.49533333333333335,0.0,0.0,0.7446666666666667,0.22266666666666668,0.4491017964071856,0.36666666666666664,0.956,0.6620644312952005,0.32084155161078237,0.04142011834319527,0.31091747821629934,0.0015376729882111738,0.0
OLD_LEGACY,10,3,perfect_information,11085053,725,687,88,0,6231,9503,3032,744,648,96,0,744,0,0,0,0,1187,308,140,308,542,1084,1392,0,0,0.48333333333333334,4.154,0.058666666666666666,0.0,0.0,0.0,0.0,0.0,0.0,0.496,0.0,0.0,0.432,0.064,0.0,0.0,0.0,0.496,0.0,0.496,0.0,0.0,0.7913333333333333,0.20533333333333334,0.45454545454545453,0.36133333333333334,0.928,0.7506596306068601,0.34366754617414247,0.040237467018469655,0.21729980006313795,0.0006313795643481006,0.0
OLD_LEGACY,14,8,adaptive_revelation,11086062,697,683,120,0,4597,6025,3203,803,791,12,0,803,0,0,0,0,789,690,305,690,1640,3280,3970,0,0,0.4646666666666667,3.0646666666666667,0.08,0.0,0.0,0.0,0.0,0.0,0.0,0.5353333333333333,0.0,0.0,0.5273333333333333,0.008,0.0,0.0,0.0,0.5353333333333333,0.0,0.5353333333333333,0.0,0.0,0.526,0.46,0.4420289855072464,1.0933333333333333,2.6466666666666665,0.15735248204807992,0.3234467686543865,0.01810802372775523,0.5014107883817427,0.006307053941908713,0.0
OLD_LEGACY,14,8,perfect_information,11087071,698,665,137,0,4538,5962,3153,857,848,9,0,857,0,0,0,0,561,485,250,485,1441,2882,3367,0,0,0.4653333333333333,3.025333333333333,0.09133333333333334,0.0,0.0,0.0,0.0,0.0,0.0,0.5713333333333334,0.0,0.0,0.5653333333333334,0.006,0.0,0.0,0.0,0.5713333333333334,0.0,0.5713333333333334,0.0,0.0,0.374,0.3233333333333333,0.5154639175257731,0.9606666666666667,2.244666666666667,0.19410085632730734,0.3840786552489692,0.016809387884554394,0.3955048641395505,0.0023482053002348204,0.0
OLD_LEGACY,14,3,adaptive_revelation,11088080,650,666,184,0,4805,6298,3358,921,888,33,0,921,0,0,0,0,777,524,299,524,978,1956,2480,0,0,0.43333333333333335,3.203333333333333,0.12266666666666666,0.0,0.0,0.0,0.0,0.0,0.0,0.614,0.0,0.0,0.592,0.022,0.0,0.0,0.0,0.614,0.0,0.614,0.0,0.0,0.518,0.34933333333333333,0.5706106870229007,0.652,1.6533333333333333,0.29184038117927336,0.3904109589041096,0.022036926742108397,0.4129882502381709,0.002381708478882185,0.0
OLD_LEGACY,14,3,perfect_information,11089089,686,647,167,0,4626,6069,3223,874,843,31,0,874,0,0,0,0,683,431,251,431,962,1924,2355,0,0,0.4573333333333333,3.084,0.11133333333333334,0.0,0.0,0.0,0.0,0.0,0.0,0.5826666666666667,0.0,0.0,0.562,0.020666666666666667,0.0,0.0,0.0,0.5826666666666667,0.0,0.5826666666666667,0.0,0.0,0.4553333333333333,0.28733333333333333,0.5823665893271461,0.6413333333333333,1.57,0.326403971455166,0.4439962767607819,0.01861619609059882,0.3219640797495469,0.001812489701763058,0.0
OLD_LEGACY,18,8,adaptive_revelation,11090098,657,655,188,0,3969,4420,3538,1170,1169,1,0,1170,0,0,0,0,860,826,348,826,1991,3982,4808,0,0,0.438,2.646,0.12533333333333332,0.0,0.0,0.0,0.0,0.0,0.0,0.78,0.0,0.0,0.7793333333333333,0.0006666666666666666,0.0,0.0,0.0,0.78,0.0,0.78,0.0,0.0,0.5733333333333334,0.5506666666666666,0.4213075060532688,1.3273333333333333,3.2053333333333334,0.026568682871678916,0.35472018089316,0.0070661390616167325,0.7142533936651584,0.0018099547511312218,0.0
OLD_LEGACY,18,8,perfect_information,11091107,618,633,249,0,3803,4194,3432,1264,1263,1,0,1264,0,0,0,0,459,437,221,437,1733,3466,3903,0,0,0.412,2.5353333333333334,0.166,0.0,0.0,0.0,0.0,0.0,0.0,0.8426666666666667,0.0,0.0,0.842,0.0006666666666666666,0.0,0.0,0.0,0.8426666666666667,0.0,0.8426666666666667,0.0,0.0,0.306,0.29133333333333333,0.505720823798627,1.1553333333333333,2.602,0.02972027972027972,0.4344405594405594,0.006993006993006993,0.5603242727706247,0.0016690510252742013,0.0
OLD_LEGACY,18,3,adaptive_revelation,11092116,614,598,288,0,4008,4404,3626,1204,1200,4,0,1204,0,0,0,0,582,496,249,496,1278,2556,3052,0,0,0.4093333333333333,2.672,0.192,0.0,0.0,0.0,0.0,0.0,0.0,0.8026666666666666,0.0,0.0,0.8,0.0026666666666666666,0.0,0.0,0.0,0.8026666666666666,0.0,0.8026666666666666,0.0,0.0,0.388,0.33066666666666666,0.5020161290322581,0.852,2.034666666666667,0.05515719801434087,0.456150027578599,0.007997793712079426,0.554268846503179,0.0018165304268846503,0.0
OLD_LEGACY,18,3,perfect_information,11093125,587,596,317,0,3796,4183,3432,1129,1125,4,0,1129,0,0,0,0,323,255,145,255,1213,2426,2681,0,0,0.3913333333333333,2.530666666666667,0.21133333333333335,0.0,0.0,0.0,0.0,0.0,0.0,0.7526666666666667,0.0,0.0,0.75,0.0026666666666666666,0.0,0.0,0.0,0.7526666666666667,0.0,0.7526666666666667,0.0,0.0,0.21533333333333332,0.17,0.5686274509803921,0.8086666666666666,1.7873333333333334,0.05827505827505827,0.5346736596736597,0.009032634032634032,0.42218503466411667,0.0007171886206072197,0.0
